,error,model
0,0.0002061064516128,3 modalities
1,0.0150452696774193,3 modalities
2,0.0036615354838709,3 modalities
3,0.0129792083870966,3 modalities
4,0.0007212206451612,3 modalities
5,0.0282679070967741,3 modalities
6,0.0459789232258064,3 modalities
7,0.004810326451613,3 modalities
8,0.0077922083870967,3 modalities
9,0.0328070954838708,3 modalities
10,0.0016436916129031,3 modalities
11,0.0348190877419355,3 modalities
12,0.0016153025806452,3 modalities
13,0.0555650890322579,3 modalities
14,0.0009007819354838,3 modalities
15,0.0108731038709676,3 modalities
16,0.0061219083870968,3 modalities
17,0.012313704516129,3 modalities
18,0.0116802406451611,3 modalities
19,0.0058848399999998,3 modalities
20,0.0207020754838711,3 modalities
21,0.0144012335483869,3 modalities
22,0.0288566129032259,3 modalities
23,0.0132384045161291,3 modalities
24,0.0095467154838709,3 modalities
25,0.0299435961290321,3 modalities
26,0.0105715883870969,3 modalities
27,0.0098623529032256,3 modalities
28,0.0064241993548387,3 modalities
29,0.0395045509677418,3 modalities
30,0.0019672438709676,3 modalities
31,0.0444937167741934,3 modalities
32,0.0350578845161291,3 modalities
33,0.0057628322580645,3 modalities
34,0.0471837367741936,3 modalities
35,0.0037297399999999,3 modalities
36,0.0008296019354838,3 modalities
37,0.0581548393548385,3 modalities
38,0.0037236967741934,3 modalities
39,0.0533634883870967,3 modalities
40,0.055844749032258,3 modalities
41,0.0142435296774193,3 modalities
42,0.0754064090322579,3 modalities
43,0.0129112703225807,3 modalities
44,0.1410589929032258,3 modalities
45,0.0245952812903224,3 modalities
46,0.032154157419355,3 modalities
47,0.026385409032258,3 modalities
48,0.0075370819354838,3 modalities
49,0.0061480638709678,3 modalities
50,0.0060403077419354,3 modalities
51,0.0159670174193549,3 modalities
52,0.0409738070967742,3 modalities
53,0.0187228161290321,3 modalities
54,0.0342615251612903,3 modalities
55,0.0240926464516129,3 modalities
56,0.0169630580645161,3 modalities
57,0.0001156122580645,3 modalities
58,0.0244782109677419,3 modalities
59,0.011777242580645,3 modalities
60,0.0279971574193547,3 modalities
61,0.0052004051612902,3 modalities
62,0.030989642580645,3 modalities
63,0.0284081941935482,3 modalities
64,0.0695245651612902,3 modalities
65,0.0279837754838708,3 modalities
66,0.0594185277419354,3 modalities
67,0.0413801464516129,3 modalities
68,0.0620405154838709,3 modalities
69,0.0050288329032257,3 modalities
70,0.031411435483871,3 modalities
71,0.0170836225806452,3 modalities
72,0.0393952864516128,3 modalities
73,0.0170263580645163,3 modalities
74,0.0059354322580645,3 modalities
75,0.018224435483871,3 modalities
76,0.0114905599999999,3 modalities
77,0.0799447406451612,3 modalities
78,0.0601710025806451,3 modalities
79,0.0264371006451612,3 modalities
80,0.100074735483871,3 modalities
81,0.0095707425806451,3 modalities
82,0.0555707696774193,3 modalities
83,0.0200876096774195,3 modalities
84,0.0204513096774194,3 modalities
85,0.015777529032258,3 modalities
86,0.0283488838709675,3 modalities
87,0.0099093341935482,3 modalities
88,0.0133328051612903,3 modalities
89,0.0103516509677419,3 modalities
90,0.0011685503225805,3 modalities
91,6.553419354837775e-05,3 modalities
92,0.0684740812903226,3 modalities
93,0.0069686916129032,3 modalities
94,0.0233530619354838,3 modalities
95,0.0384347722580645,3 modalities
96,0.0056269825806453,3 modalities
97,0.0131389567741936,3 modalities
98,0.0021017612903225,3 modalities
99,0.0701255922580644,3 modalities
100,0.0848099619354839,3 modalities
101,0.0013068529032257,3 modalities
102,0.0113193651612903,3 modalities
103,0.0551494896774193,3 modalities
104,0.0066820541935485,3 modalities
105,0.0051964529032257,3 modalities
106,0.0227468025806452,3 modalities
107,0.00572864,3 modalities
108,0.0497877438709677,3 modalities
109,0.0038413141935484,3 modalities
110,0.0079229806451612,3 modalities
111,0.0113340780645161,3 modalities
112,0.0015836612903225,3 modalities
113,0.0055853212903225,3 modalities
114,0.0033816587096774,3 modalities
115,0.0116522374193548,3 modalities
116,0.0242467651612903,3 modalities
117,0.0314094051612902,3 modalities
118,0.0260948980645161,3 modalities
119,0.1333721812903225,3 modalities
120,0.0839255651612904,3 modalities
121,0.0243706600000001,3 modalities
122,0.027666087096774,3 modalities
123,0.013790629032258,3 modalities
124,0.0951874309677419,3 modalities
125,0.0064117812903223,3 modalities
126,0.0004322290322581,3 modalities
127,0.0010803451612902,3 modalities
128,0.0312010264516128,3 modalities
129,0.0120876090322581,3 modalities
130,0.0220021761290323,3 modalities
131,0.0071206541935484,3 modalities
132,0.0137058012903228,3 modalities
133,0.0041450606451612,3 modalities
134,0.0683568425806452,3 modalities
135,0.0095049877419355,3 modalities
136,0.0014941548387097,3 modalities
137,0.0141068896774193,3 modalities
138,0.0261609851612902,3 modalities
139,0.0162885406451612,3 modalities
140,0.0404414419354838,3 modalities
141,0.0111844464516127,3 modalities
142,0.0185573548387097,3 modalities
143,3.386967741936253e-05,3 modalities
144,7.77251612903429e-05,3 modalities
145,0.016676851612903,3 modalities
146,0.0257470058064516,3 modalities
147,0.0176931993548387,3 modalities
148,0.027178789032258,3 modalities
149,0.0355149232258065,3 modalities
150,0.0095108316129031,3 modalities
151,0.0085124458064516,3 modalities
152,0.0265845625806451,3 modalities
153,0.0076438264516129,3 modalities
154,0.0237997064516128,3 modalities
155,0.0054561741935486,3 modalities
156,0.0184748870967742,3 modalities
157,0.0252976116129033,3 modalities
158,0.016169918064516,3 modalities
159,0.0076203838709677,3 modalities
160,0.0058188703225805,3 modalities
161,0.0020043451612902,3 modalities
162,0.0401780316129033,3 modalities
163,0.0030983632258064,3 modalities
164,0.03531468,3 modalities
165,0.0840476348387098,3 modalities
166,0.0366645683870967,3 modalities
167,0.012599489032258,3 modalities
168,0.0065501425806449,3 modalities
169,0.0087069464516129,3 modalities
170,0.0064887735483869,3 modalities
171,0.0065125858064517,3 modalities
172,0.0035783987096775,3 modalities
173,0.1179177329032258,3 modalities
174,0.0008896051612903,3 modalities
175,0.0383070941935483,3 modalities
176,0.0577785606451611,3 modalities
177,0.0014082083870967,3 modalities
178,0.0290111703225808,3 modalities
179,0.0163659587096774,3 modalities
180,0.0011761412903225,3 modalities
181,0.0256737612903225,3 modalities
182,0.0002795832258063,3 modalities
183,0.0066157006451612,3 modalities
184,0.0089529948387097,3 modalities
185,0.0584512219354838,3 modalities
186,0.0219100838709677,3 modalities
187,0.0021614496774192,3 modalities
188,0.0021159580645162,3 modalities
189,0.0264538322580644,3 modalities
190,0.0189094896774193,3 modalities
191,0.013041195483871,3 modalities
192,0.0037637180645161,3 modalities
193,0.0193557961290322,3 modalities
194,0.0073361167741934,3 modalities
195,0.0263544916129031,3 modalities
196,0.0597313019354839,3 modalities
197,0.0208074006451612,3 modalities
198,0.0164222522580645,3 modalities
199,0.0682732748387096,3 modalities
200,0.080075704516129,3 modalities
201,0.1345061167741935,3 modalities
202,0.0013364670967742,3 modalities
203,0.004101882580645,3 modalities
204,0.0590889774193547,3 modalities
205,0.1193031941935481,3 modalities
206,0.029005835483871,3 modalities
207,0.0468690477419355,3 modalities
208,0.0130788625806451,3 modalities
209,0.0177059348387096,3 modalities
210,0.0061506174193548,3 modalities
211,0.0056927606451613,3 modalities
212,0.0143392296774191,3 modalities
213,0.1099625793548386,3 modalities
214,0.0224492374193548,3 modalities
215,0.0551546799999999,3 modalities
216,0.0259384387096773,3 modalities
217,0.0046609380645161,3 modalities
218,0.032726064516129,3 modalities
219,0.0118171722580645,3 modalities
220,0.0064728277419354,3 modalities
221,0.0674175,3 modalities
222,0.0058577980645161,3 modalities
223,0.0033159393548387,3 modalities
224,0.0220734929032258,3 modalities
225,0.0305179903225806,3 modalities
226,0.0265073961290321,3 modalities
227,0.0160819148387096,3 modalities
228,0.0029894677419355,3 modalities
229,0.0042478419354837,3 modalities
230,0.1119357903225806,3 modalities
231,0.0104852483870967,3 modalities
232,0.0156034367741936,3 modalities
233,0.0237974032258063,3 modalities
234,0.0275170161290321,3 modalities
235,0.0402848387096775,3 modalities
236,0.0574537258064515,3 modalities
237,0.0008349541935483,3 modalities
238,0.0297796741935484,3 modalities
239,0.0030912322580645,3 modalities
240,0.0029512625806451,3 modalities
241,0.011345644516129,3 modalities
242,0.0564306438709677,3 modalities
243,0.0073600903225806,3 modalities
244,0.0984592748387096,3 modalities
245,0.0009145058064516,3 modalities
246,0.0407161141935483,3 modalities
247,0.015886286451613,3 modalities
248,0.0096003961290321,3 modalities
249,0.0056218419354837,3 modalities
250,0.010741646451613,3 modalities
251,0.0085738025806451,3 modalities
252,0.0125134870967741,3 modalities
253,0.0432152716129031,3 modalities
254,0.0056537696774193,3 modalities
255,0.0071506283870967,3 modalities
256,0.0053264309677419,3 modalities
257,0.0294777335483871,3 modalities
258,0.0027788393548388,3 modalities
259,0.0384703064516128,3 modalities
260,0.0203014941935482,3 modalities
261,0.0440801161290321,3 modalities
262,0.0009796367741935,3 modalities
263,0.1045037838709675,3 modalities
264,0.0199338258064516,3 modalities
265,0.0151804554838709,3 modalities
266,0.016615309032258,3 modalities
267,0.0294646858064514,3 modalities
268,0.0010020761290323,3 modalities
269,0.0244535180645161,3 modalities
270,0.0077562941935483,3 modalities
271,0.0221743025806451,3 modalities
272,0.0078329019354838,3 modalities
273,0.0051937922580644,3 modalities
274,0.0143895948387097,3 modalities
275,0.0095709245161289,3 modalities
276,0.0065579367741936,3 modalities
277,0.1241387883870968,3 modalities
278,0.0217314496774193,3 modalities
279,0.0038790303225806,3 modalities
280,0.0226402116129033,3 modalities
281,0.022697030967742,3 modalities
282,0.0242128858064516,3 modalities
283,0.0058868438709677,3 modalities
284,0.0139009561290323,3 modalities
285,0.0007131116129032,3 modalities
286,0.0137480606451613,3 modalities
287,0.0212257264516128,3 modalities
288,0.0283003032258064,3 modalities
289,0.0128162741935482,3 modalities
290,0.0499794122580644,3 modalities
291,0.013568684516129,3 modalities
292,0.0081487535483869,3 modalities
293,0.0235443374193546,3 modalities
294,0.0094765361290324,3 modalities
295,0.0167960141935483,3 modalities
296,0.010573462580645,3 modalities
297,5.432258064486106e-07,3 modalities
298,0.0327947793548387,3 modalities
299,0.009710333548387,3 modalities
300,0.0133122167741935,3 modalities
301,0.0712801974193547,3 modalities
302,0.002253949032258,3 modalities
303,0.0081557258064516,3 modalities
304,0.013424169032258,3 modalities
305,0.0099995167741935,3 modalities
306,0.0359657851612903,3 modalities
307,0.0013460980645161,3 modalities
308,0.0119197567741934,3 modalities
309,0.0163825354838711,3 modalities
310,0.0281064180645161,3 modalities
311,0.0126045277419354,3 modalities
312,0.0426347967741935,3 modalities
313,0.0082630258064515,3 modalities
314,0.0358716296774193,3 modalities
315,0.0294487509677419,3 modalities
316,0.0401543658064517,3 modalities
317,0.0173135974193548,3 modalities
318,0.024143195483871,3 modalities
319,0.0106507832258063,3 modalities
320,0.0145623929032259,3 modalities
321,0.010718804516129,3 modalities
322,0.042494358064516,3 modalities
323,0.0368995877419354,3 modalities
324,0.0108333806451613,3 modalities
325,0.0215082774193546,3 modalities
326,0.0243168077419355,3 modalities
327,0.0081925238709678,3 modalities
328,0.0095887012903226,3 modalities
329,0.0108353567741934,3 modalities
330,0.0052134870967741,3 modalities
331,0.0021384019354838,3 modalities
332,0.0083409541935484,3 modalities
333,0.0171038774193547,3 modalities
334,0.0330144877419353,3 modalities
335,0.0060795748387095,3 modalities
336,0.0792669819354837,3 modalities
337,0.0012116935483871,3 modalities
338,0.104636584516129,3 modalities
339,0.0253136967741935,3 modalities
340,0.0072326264516129,3 modalities
341,0.0017235967741934,3 modalities
342,0.0174292135483872,3 modalities
343,0.0099362012903226,3 modalities
344,0.0241798212903227,3 modalities
345,0.0219003651612902,3 modalities
346,0.0092858735483869,3 modalities
347,0.0255986774193548,3 modalities
348,0.0419320651612903,3 modalities
349,0.0536645645161288,3 modalities
350,0.0206673716129033,3 modalities
351,0.0191325722580645,3 modalities
352,0.0045475000000001,3 modalities
353,0.0262320322580645,3 modalities
354,0.0512469832258063,3 modalities
355,0.0387766438709678,3 modalities
356,0.0132388761290322,3 modalities
357,0.0024822541935484,3 modalities
358,0.0144545658064516,3 modalities
359,0.0551328283870968,3 modalities
360,0.0229457238709677,3 modalities
361,0.0037789658064516,3 modalities
362,0.013488175483871,3 modalities
363,0.0062510200000001,3 modalities
364,0.005158767096774,3 modalities
365,0.0515804922580646,3 modalities
366,0.0088387851612902,3 modalities
367,0.0407105458064517,3 modalities
368,0.0149741754838709,3 modalities
369,0.0002011058064516,3 modalities
370,0.0054247948387096,3 modalities
371,0.0011669393548386,3 modalities
372,0.0059479754838709,3 modalities
373,0.0086872987096772,3 modalities
374,0.0170396161290322,3 modalities
375,0.0006396077419353,3 modalities
376,0.0083729980645161,3 modalities
377,0.0016563109677418,3 modalities
378,0.0359651174193547,3 modalities
379,0.021641158064516,3 modalities
380,0.0303725058064514,3 modalities
381,0.0039766425806451,3 modalities
382,0.0083082309677418,3 modalities
383,0.019834324516129,3 modalities
384,0.0104734658064518,3 modalities
385,0.0080800141935484,3 modalities
386,0.0432724967741934,3 modalities
387,0.0467720238709677,3 modalities
388,0.0493544812903226,3 modalities
389,0.0131238432258063,3 modalities
390,0.041204086451613,3 modalities
391,0.0041516161290323,3 modalities
392,0.0060812348387097,3 modalities
393,0.0005159806451613,3 modalities
394,0.0183569070967739,3 modalities
395,0.0466453167741934,3 modalities
396,0.0224920496774194,3 modalities
397,0.0075241877419354,3 modalities
398,0.0143501251612903,3 modalities
399,0.0279449851612904,3 modalities
400,0.0251240819354838,3 modalities
401,0.038907142580645,3 modalities
402,0.0107056890322581,3 modalities
403,0.0002693948387096,3 modalities
404,0.0501602516129031,3 modalities
405,0.0215182999999998,3 modalities
406,0.0498559709677419,3 modalities
407,0.0070457670967741,3 modalities
408,0.0130320187096774,3 modalities
409,0.0078031348387096,3 modalities
410,0.0335635645161289,3 modalities
411,0.0190559341935483,3 modalities
412,0.00343636,3 modalities
413,0.0572528464516129,3 modalities
414,0.0132840722580643,3 modalities
415,0.0011076548387098,3 modalities
416,0.0006973619354839,3 modalities
417,0.0353393109677419,3 modalities
418,0.0191003083870967,3 modalities
419,0.0150881258064516,3 modalities
420,0.0841407167741935,3 modalities
421,0.0005252999999999,3 modalities
422,0.0454395877419354,3 modalities
423,0.0003377096774193,3 modalities
424,0.0090548870967741,3 modalities
425,0.0333870154838709,3 modalities
426,0.0381226419354838,3 modalities
427,0.0799838135483871,3 modalities
428,0.0028278780645161,3 modalities
429,0.0060486729032258,3 modalities
430,0.0043776251612902,3 modalities
431,0.0278166141935483,3 modalities
432,0.006715878064516,3 modalities
433,0.0054826638709676,3 modalities
434,0.0502682729032257,3 modalities
435,0.021032249032258,3 modalities
436,0.0072721916129032,3 modalities
437,0.0609227148387097,3 modalities
438,0.0046235148387097,3 modalities
439,0.0163501896774191,3 modalities
440,0.00815698,3 modalities
441,0.081035035483871,3 modalities
442,0.0218304580645162,3 modalities
443,0.0033303051612904,3 modalities
444,0.040581984516129,3 modalities
445,0.0110954941935484,3 modalities
446,0.076829195483871,3 modalities
447,0.0188757651612903,3 modalities
448,0.0258898458064514,3 modalities
449,0.0424489703225806,3 modalities
450,0.0251204283870967,3 modalities
451,0.0372303077419354,3 modalities
452,0.0331609425806451,3 modalities
453,0.0076804845161289,3 modalities
454,0.0095645929032259,3 modalities
455,0.0248519135483871,3 modalities
456,0.0002273116129033,3 modalities
457,0.0379734303225807,3 modalities
458,0.0156549890322581,3 modalities
459,0.0688573703225807,3 modalities
460,0.0286685548387096,3 modalities
461,0.0353680303225807,3 modalities
462,0.0298842470967742,3 modalities
463,0.0024669032258064,3 modalities
464,0.0210423367741936,3 modalities
465,0.0557783812903228,3 modalities
466,0.0028366696774193,3 modalities
467,0.0131989825806451,3 modalities
468,0.0045538051612904,3 modalities
469,0.0143518064516128,3 modalities
470,0.0294540122580645,3 modalities
471,0.0030778651612903,3 modalities
472,0.0485945903225807,3 modalities
473,0.0079266,3 modalities
474,0.0039711709677419,3 modalities
475,0.0648957903225807,3 modalities
476,0.001422631612903,3 modalities
477,0.020909255483871,3 modalities
478,0.0007840251612903,3 modalities
479,0.0558077490322581,3 modalities
480,0.0158971941935484,3 modalities
481,0.0125156361290321,3 modalities
482,0.0139580303225805,3 modalities
483,0.0362503083870966,3 modalities
484,0.0143424232258063,3 modalities
485,0.012783895483871,3 modalities
486,0.0847017580645161,3 modalities
487,0.0073994038709679,3 modalities
488,0.0231637161290323,3 modalities
489,0.0054449793548386,3 modalities
490,0.0323433316129032,3 modalities
491,0.0466984309677419,3 modalities
492,0.0116498283870968,3 modalities
493,0.035122384516129,3 modalities
494,0.0055165232258064,3 modalities
495,0.0017129432258062,3 modalities
496,0.0035965361290323,3 modalities
497,0.0057457258064514,3 modalities
498,0.0107123851612903,3 modalities
499,0.0522263406451612,3 modalities
500,0.0835332483870968,3 modalities
501,0.0061150503225805,3 modalities
502,0.0477232232258064,3 modalities
503,0.0256522645161291,3 modalities
504,0.0034758812903225,3 modalities
505,0.033566038064516,3 modalities
506,0.0191664374193547,3 modalities
507,0.0084575677419355,3 modalities
508,0.0151391645161291,3 modalities
509,0.0471057090322579,3 modalities
510,0.0065149503225807,3 modalities
511,0.0162907754838709,3 modalities
512,0.00634094,3 modalities
513,0.0033671135483871,3 modalities
514,0.0210580329032258,3 modalities
515,0.0069811470967741,3 modalities
516,0.0263347174193547,3 modalities
517,0.0227773851612902,3 modalities
518,0.0702445019354839,3 modalities
519,0.0408939638709676,3 modalities
520,0.015217333548387,3 modalities
521,0.0097551051612905,3 modalities
522,0.0257223716129031,3 modalities
523,0.0167568877419356,3 modalities
524,0.0587884296774193,3 modalities
525,0.1066409683870966,3 modalities
526,8.038258064513304e-05,3 modalities
527,0.0245550916129031,3 modalities
528,0.0087984677419356,3 modalities
529,0.0025469077419354,3 modalities
530,0.0202797341935482,3 modalities
531,0.0232455683870969,3 modalities
532,0.0304723993548386,3 modalities
533,0.0143804722580643,3 modalities
534,0.1204360529032259,3 modalities
535,0.0319366058064517,3 modalities
536,0.0193478406451612,3 modalities
537,0.01384284,3 modalities
538,0.0170026806451611,3 modalities
539,0.0424131438709678,3 modalities
540,0.0173275787096773,3 modalities
541,0.015478769032258,3 modalities
542,0.0007835503225808,3 modalities
543,0.0051924987096775,3 modalities
544,0.0535126870967742,3 modalities
545,0.0139947787096773,3 modalities
546,0.0023955709677419,3 modalities
547,0.0079010941935484,3 modalities
548,0.0146371799999999,3 modalities
549,0.1032312941935483,3 modalities
550,0.0395970096774193,3 modalities
551,0.0158439974193547,3 modalities
552,0.0177005941935484,3 modalities
553,0.0409553812903225,3 modalities
554,0.0080273341935483,3 modalities
555,0.0635499522580645,3 modalities
556,0.0414341161290321,3 modalities
557,0.0276840658064517,3 modalities
558,0.0554620096774193,3 modalities
559,0.0313505909677418,3 modalities
560,0.0202590477419353,3 modalities
561,0.0041869819354837,3 modalities
562,0.0259829922580644,3 modalities
563,0.0036382341935483,3 modalities
564,0.0059292393548386,3 modalities
565,0.0022591858064515,3 modalities
566,0.1355171419354839,3 modalities
567,0.0169360858064515,3 modalities
0,0.0135671477496628,SVR
1,0.0246171239271324,SVR
2,0.051475877735221,SVR
3,0.0205131996173206,SVR
4,0.0078750011931214,SVR
5,0.0051051827038137,SVR
6,0.016144870944134,SVR
7,0.0067338961030479,SVR
8,0.0106304177597728,SVR
9,0.0964189550776138,SVR
10,0.0196520512421399,SVR
11,0.0152019079210043,SVR
12,0.0262339360236247,SVR
13,0.0538772310831474,SVR
14,0.0189941711553398,SVR
15,0.0345431841284347,SVR
16,0.0543822049266876,SVR
17,0.0020373883873824,SVR
18,0.1257584796314943,SVR
19,0.0010861910380817,SVR
20,0.0117047502627835,SVR
21,0.0025402421454892,SVR
22,0.0201386113242492,SVR
23,0.0231181806052802,SVR
24,0.0453694947060124,SVR
25,0.004737168886197,SVR
26,0.0636636141090009,SVR
27,0.0260316449132365,SVR
28,0.0250495556182518,SVR
29,0.0506679909854433,SVR
30,0.0034530033446247,SVR
31,0.0374817952862659,SVR
32,0.0054019665609199,SVR
33,0.0002123981915023,SVR
34,0.0342657747994999,SVR
35,0.0050095367229355,SVR
36,0.002215736037109,SVR
37,0.0215397285247797,SVR
38,0.0567125268522747,SVR
39,0.0188766121634417,SVR
40,0.0162425897425818,SVR
41,0.0787998521312106,SVR
42,0.0184520130623573,SVR
43,0.0145847229080233,SVR
44,0.011264438342037,SVR
45,0.0877034012455191,SVR
46,0.0824841746794895,SVR
47,0.0510058063072381,SVR
48,0.007215979239437,SVR
49,0.0102160659126113,SVR
50,0.0296876051227125,SVR
51,0.080254338380711,SVR
52,0.0680008574749031,SVR
53,0.0298101499514877,SVR
54,0.1007342942301989,SVR
55,0.0444802897733707,SVR
56,0.0078641973938273,SVR
57,0.0444953421765125,SVR
58,0.027797217459108,SVR
59,0.0551775043152042,SVR
60,0.0451575418449567,SVR
61,0.010810114628264,SVR
62,0.0231718546764245,SVR
63,0.0354582147093134,SVR
64,0.0357855829841753,SVR
65,0.0080533976884825,SVR
66,0.0171330470259172,SVR
67,0.0710831849486116,SVR
68,0.0041721174383545,SVR
69,0.0663494288781607,SVR
70,0.0008969830170676,SVR
71,0.0064154972070405,SVR
72,0.0154026214924826,SVR
73,0.067958763223198,SVR
74,0.0427348729808187,SVR
75,0.0019769806086767,SVR
76,0.0001782665361182,SVR
77,0.0184544043809844,SVR
78,0.0643421892925619,SVR
79,0.0569491168925917,SVR
80,0.1327049239460421,SVR
81,0.0118252953649736,SVR
82,0.0320092327167517,SVR
83,0.0330113779064258,SVR
84,0.0508122113358352,SVR
85,0.0067794384479684,SVR
86,0.0097099660122312,SVR
87,0.027753860688201,SVR
88,0.0530723119278594,SVR
89,0.0229035237295606,SVR
90,0.0301742930990777,SVR
91,0.0241278837359417,SVR
92,0.0112156806124814,SVR
93,0.0288400832930878,SVR
94,0.0180937353052553,SVR
95,0.0427966764078476,SVR
96,0.0065397139298943,SVR
97,0.0234341816617922,SVR
98,0.0341578694824983,SVR
99,0.0045114936723703,SVR
100,0.0175881580397093,SVR
101,0.0006377616623155,SVR
102,0.0647905174613768,SVR
103,0.017492546275645,SVR
104,0.0337746871661174,SVR
105,0.0297410173099789,SVR
106,0.028578423949561,SVR
107,0.095668586394238,SVR
108,0.0264049297030609,SVR
109,0.0209367477577746,SVR
110,0.0416018077692785,SVR
111,0.0149536164968742,SVR
112,0.0541267527070543,SVR
113,0.05023673437668,SVR
114,0.0170170220247388,SVR
115,0.0052886927068188,SVR
116,0.0115763201694828,SVR
117,0.0074063410590601,SVR
118,0.0052676870949679,SVR
119,0.0207563149826536,SVR
120,0.0023676980422824,SVR
121,0.0044805927346778,SVR
122,0.0581321274809417,SVR
123,0.1041375827354714,SVR
124,0.0006345660065687,SVR
125,0.0426229935149501,SVR
126,0.001530735921233,SVR
127,0.0175533028142927,SVR
128,0.041614687410141,SVR
129,0.0204677975844096,SVR
130,0.0165756631984385,SVR
131,0.0068292790292102,SVR
132,0.071628723416241,SVR
133,0.0255084622970583,SVR
134,0.012127264410857,SVR
135,0.017899188862707,SVR
136,0.0046346835430531,SVR
137,0.0284187358592635,SVR
138,0.0133075274823899,SVR
139,0.0172592298187227,SVR
140,0.0189142181450475,SVR
141,0.0008538814805564,SVR
142,0.0268795218511556,SVR
143,0.0032707441491809,SVR
144,0.0022091807393139,SVR
145,0.0038128761357859,SVR
146,0.07526195160164,SVR
147,0.0742013624423103,SVR
148,0.0394239638714085,SVR
149,0.0450347733642985,SVR
150,0.0120790921353101,SVR
151,0.0093677927697168,SVR
152,0.0055011686182747,SVR
153,0.0228163549144325,SVR
154,0.014148983275791,SVR
155,0.0439594757098137,SVR
156,0.0138141206984627,SVR
157,0.0103216953900691,SVR
158,0.004422550058043,SVR
159,0.0114353115820966,SVR
160,0.0091879851015117,SVR
161,0.0202757694796085,SVR
162,0.0121425177628886,SVR
163,0.0165263023091245,SVR
164,0.0364503517406652,SVR
165,0.0947221526799536,SVR
166,0.0036102674847117,SVR
167,0.0643439059382566,SVR
168,0.0110332600807576,SVR
169,0.0206770401220538,SVR
170,0.037125394911411,SVR
171,0.0298295581350532,SVR
172,0.0020285966941532,SVR
173,0.0329936426491757,SVR
174,0.0136329475863749,SVR
175,0.0074525730576334,SVR
176,0.0593471906270823,SVR
177,0.0193690732361593,SVR
178,0.0366481061068622,SVR
179,0.0145853023195976,SVR
180,0.0494534418188786,SVR
181,0.0100527702943116,SVR
182,0.0435936530394486,SVR
183,0.055360606807805,SVR
184,0.0195273885405792,SVR
185,0.0017537046556137,SVR
186,0.0043530102664944,SVR
187,0.066115081389029,SVR
188,0.0185698173812762,SVR
189,0.0119286274784649,SVR
190,0.0077845946112704,SVR
191,0.0174656381343314,SVR
192,0.0054658032020122,SVR
193,0.0239484144253613,SVR
194,0.0531362314150293,SVR
195,0.0191120448607658,SVR
196,0.0240520769262335,SVR
197,0.0475799535675134,SVR
198,0.001837567021269,SVR
199,0.0225749796594896,SVR
200,0.0454441032334601,SVR
201,0.0122010739208406,SVR
202,0.0727627241548666,SVR
203,0.0174363836510909,SVR
204,0.0553577840422689,SVR
205,0.0829454492008039,SVR
206,0.0618870050297173,SVR
207,0.0205769508874945,SVR
208,0.0005650162769427,SVR
209,0.0294533205907455,SVR
210,0.0242058481918989,SVR
211,0.0818712017057869,SVR
212,0.0035617186993983,SVR
213,0.0180016635174108,SVR
214,0.0045009761076819,SVR
215,0.0178863678796405,SVR
216,0.0038958147391988,SVR
217,0.0079771884229679,SVR
218,0.0049726337057368,SVR
219,0.0175559035420564,SVR
220,0.0243937734136263,SVR
221,0.0729751998929785,SVR
222,0.035937623473145,SVR
223,0.0483534863859831,SVR
224,0.0547022060735633,SVR
225,0.0075831536759862,SVR
226,0.0024516080688509,SVR
227,0.0474778252750383,SVR
228,0.1065912531282213,SVR
229,0.0020023035626991,SVR
230,0.0021150822902874,SVR
231,0.0158310893894201,SVR
232,0.0461291532502295,SVR
233,0.0040968955671342,SVR
234,0.0194519463922325,SVR
235,0.0134021255330913,SVR
236,0.0026893192089976,SVR
237,0.0273551630287113,SVR
238,0.1434855557537492,SVR
239,0.0077674075794367,SVR
240,0.048411545524627,SVR
241,0.0429217771781321,SVR
242,0.027651833964525,SVR
243,0.0080206027857869,SVR
244,0.0286552883474493,SVR
245,0.0241434469001763,SVR
246,0.0065909791169401,SVR
247,0.0116672021933869,SVR
248,0.094007848145855,SVR
249,0.0012935909435406,SVR
250,0.0005718973450645,SVR
251,0.0042590645313302,SVR
252,0.0387056275157735,SVR
253,0.0363258973334117,SVR
254,0.0191481567939981,SVR
255,0.0458788605747362,SVR
256,0.0343986301910482,SVR
257,0.0059540872671196,SVR
258,0.1433148817671411,SVR
259,0.0352596328438192,SVR
260,0.0231071358520786,SVR
261,0.044441747631856,SVR
262,0.0377329252858166,SVR
263,0.0248550882053645,SVR
264,0.0018170041058989,SVR
265,0.0149649848707092,SVR
266,0.0736743041662408,SVR
267,0.0163803315871423,SVR
268,0.0372626179152282,SVR
269,0.0107703323844207,SVR
270,0.0293487445499447,SVR
271,0.0611826215873285,SVR
272,0.0332060288451705,SVR
273,0.0287089961166194,SVR
274,0.0127495730081614,SVR
275,0.0344642465822832,SVR
276,0.0140039091435861,SVR
277,0.1232995051779551,SVR
278,0.0246928374069447,SVR
279,0.0021790639029533,SVR
280,0.0094814605549073,SVR
281,0.0003520334334025,SVR
282,0.0115399688182802,SVR
283,0.0278481033950367,SVR
284,0.1132015674017218,SVR
285,0.0087991865911952,SVR
286,0.0056979943017022,SVR
287,0.0027783064686303,SVR
288,0.0728155891580248,SVR
289,0.0270455461384608,SVR
290,0.0434761517329039,SVR
291,0.0071876573767621,SVR
292,0.0331171635019469,SVR
293,0.011435453355848,SVR
294,0.013907879051929,SVR
295,0.0333216723863429,SVR
296,0.0014783154208694,SVR
297,0.087285744675129,SVR
298,0.0157510706485959,SVR
299,0.0049766760274547,SVR
300,0.0262525676813283,SVR
301,0.057849682359379,SVR
302,0.0309947324581448,SVR
303,0.0045172947270872,SVR
304,0.0158257883628677,SVR
305,0.0481321995162404,SVR
306,0.016293725052354,SVR
307,0.0739852916212754,SVR
308,0.0736959466974527,SVR
309,0.0185519860633853,SVR
310,0.0005342245580669,SVR
311,0.0416386056647768,SVR
312,0.0174130049109694,SVR
313,0.0061301400661567,SVR
314,0.0013649213565471,SVR
315,0.0188418005121955,SVR
316,0.0577847832175653,SVR
317,0.0005142792094001,SVR
318,0.0027985514026824,SVR
319,0.0804219877588237,SVR
320,0.0328502749158987,SVR
321,0.0457909363155941,SVR
322,0.0250540013961435,SVR
323,0.017347540374251,SVR
324,0.0191513261558408,SVR
325,0.0215292705734096,SVR
326,0.0294657380975645,SVR
327,0.0055211507198766,SVR
328,0.0035217462311777,SVR
329,0.0911438391709528,SVR
330,0.1108070343494148,SVR
331,0.0384504204294442,SVR
332,0.0136496437033156,SVR
333,0.020448369990061,SVR
334,0.0325741099390465,SVR
335,0.0395579245383188,SVR
336,0.0789891124635682,SVR
337,0.0014362076788014,SVR
338,0.0317878390627148,SVR
339,0.0387716912462191,SVR
340,0.0059959671159284,SVR
341,0.142128016285766,SVR
342,0.0168626578435192,SVR
343,0.0331050522021769,SVR
344,0.0453046020618869,SVR
345,0.0461440266714123,SVR
346,0.0103573837147091,SVR
347,0.0199525326527122,SVR
348,0.0734143567500807,SVR
349,0.0051451544487572,SVR
350,0.0221835350086735,SVR
351,0.0414880212518633,SVR
352,0.0318940338410718,SVR
353,0.03557804698658,SVR
354,0.0666312715109659,SVR
355,0.0065236734995763,SVR
356,0.0354299047676679,SVR
357,0.0173636203648144,SVR
358,0.0058288329819957,SVR
359,0.0214569446338277,SVR
360,0.0163707313960983,SVR
361,0.0010449871801941,SVR
362,0.0267751303344955,SVR
363,0.0119436706151611,SVR
364,0.01446589524933,SVR
365,0.0224422180494375,SVR
366,0.0805730828258,SVR
367,0.0293441031196646,SVR
368,0.001782795220082,SVR
369,0.0381469763907263,SVR
370,0.0848321637912068,SVR
371,0.0021266101234709,SVR
372,0.0057823496161567,SVR
373,0.0528644657735987,SVR
374,0.0206263533347674,SVR
375,0.048664631164406,SVR
376,0.0273776505676865,SVR
377,0.0612901479640314,SVR
378,0.0137898831167027,SVR
379,0.023352262869008,SVR
380,0.0016442775231012,SVR
381,0.0113627723855578,SVR
382,0.0260547955701698,SVR
383,0.0584535509561298,SVR
384,0.0053359588490388,SVR
385,0.0114740509329185,SVR
386,0.0078366524702415,SVR
387,0.21504754737219,SVR
388,0.0355842153098304,SVR
389,0.0161356895343739,SVR
390,0.0120998837992944,SVR
391,0.0523860261818417,SVR
392,0.0076274604173131,SVR
393,0.0115599395299001,SVR
394,0.0345925961250115,SVR
395,0.0206501950957812,SVR
396,0.0239543944703514,SVR
397,0.0393512881153895,SVR
398,0.0246015648418012,SVR
399,0.0115890770150227,SVR
400,0.0046009853460613,SVR
401,0.0392834419926261,SVR
402,0.0071288370363254,SVR
403,0.013236396541232,SVR
404,0.0179460402977821,SVR
405,0.0040604608853941,SVR
406,0.0074639260288463,SVR
407,0.0065861525628519,SVR
408,0.0164818882280575,SVR
409,0.0026461558318487,SVR
410,0.0716072409258449,SVR
411,0.0285525152929428,SVR
412,0.0269095318847971,SVR
413,0.0577305208105644,SVR
414,0.0088221464732669,SVR
415,0.0262617525330659,SVR
416,0.0062588452505333,SVR
417,0.0028119337742397,SVR
418,0.0518922827783883,SVR
419,0.061210769134504,SVR
420,0.0035234394685308,SVR
421,0.001482344097464,SVR
422,0.0987707901921955,SVR
423,0.0235415551386652,SVR
424,0.0009414599172238,SVR
425,0.0474934338524262,SVR
426,0.0108946812338944,SVR
427,0.0216199896146211,SVR
428,0.0203321877878838,SVR
429,0.0395763394307453,SVR
430,0.0164301813950106,SVR
431,0.0313431314657681,SVR
432,0.0031758923187881,SVR
433,0.0331612812039074,SVR
434,0.0092512048746404,SVR
435,0.0051654182131625,SVR
436,0.0099886670107564,SVR
437,0.0067524634342926,SVR
438,0.0352179187037307,SVR
439,0.0069345367012033,SVR
440,0.0045375710155421,SVR
441,0.034219279883601,SVR
442,0.0455414156088412,SVR
443,0.0298161245054341,SVR
444,0.0108822298487525,SVR
445,0.0051094842719064,SVR
446,0.0152637549360318,SVR
447,0.0439365457699807,SVR
448,0.0134322351951381,SVR
449,0.006195828646103,SVR
450,0.0063713537601587,SVR
451,0.0165119182337887,SVR
452,0.0172005008362672,SVR
453,0.0134222606472946,SVR
454,0.0609247827282923,SVR
455,0.0321772581075342,SVR
456,0.0100193046983382,SVR
457,0.0036748069300072,SVR
458,0.011391705721666,SVR
459,0.0986499236167864,SVR
460,0.0001806109280246,SVR
461,0.0493655190292015,SVR
462,0.0022271290141069,SVR
463,0.0077690328293719,SVR
464,0.0209829071422193,SVR
465,0.0531468335711012,SVR
466,0.0071069720176817,SVR
467,0.0407941800696997,SVR
468,0.0378858846318691,SVR
469,0.055163103744673,SVR
470,0.010129013483104,SVR
471,0.1022203967520056,SVR
472,0.0144849414900497,SVR
473,0.0161719617336764,SVR
474,0.0052912155635327,SVR
475,0.036126690632713,SVR
476,0.0088101160645566,SVR
477,0.0528073855139832,SVR
478,0.023186424625315,SVR
479,0.0110480907425547,SVR
480,0.0028238295693804,SVR
481,0.0279135608761752,SVR
482,0.0028494245653137,SVR
483,0.0353483066203783,SVR
484,0.0070014943616482,SVR
485,0.0255590048140894,SVR
486,0.0358999504490947,SVR
487,0.0020538056415182,SVR
488,0.0445966617174309,SVR
489,0.0499358653435154,SVR
490,0.0012269929137885,SVR
491,0.0665752107810673,SVR
492,0.0044704097178928,SVR
493,0.0055707419173409,SVR
494,0.0543773116619261,SVR
495,0.010093603094711,SVR
496,0.0074556081657325,SVR
497,0.0607564800813076,SVR
498,0.0612621474293904,SVR
499,0.0200056116862743,SVR
500,0.0155866424968064,SVR
501,0.0090374800285399,SVR
502,0.0004807843848553,SVR
503,0.0141423369661958,SVR
504,0.0185689466263679,SVR
505,0.0352268709785815,SVR
506,0.046803114203609,SVR
507,0.0128418493945124,SVR
508,0.0175790884572322,SVR
509,0.0450808273948439,SVR
510,0.0407072155985214,SVR
511,0.0168596249827416,SVR
512,0.0104221395253067,SVR
513,0.0057170356517504,SVR
514,0.0151142180332763,SVR
515,0.0085825045858477,SVR
516,0.0155382729049649,SVR
517,0.0123897414163023,SVR
518,0.0197060850900683,SVR
519,0.0232982227223979,SVR
520,0.0146515986029567,SVR
521,0.0215516957286909,SVR
522,0.0393758021798974,SVR
523,0.019320500715094,SVR
524,0.0001307014696029,SVR
525,0.0092468817822849,SVR
526,0.1396171671211421,SVR
527,0.0461466808407344,SVR
528,0.0060308394788901,SVR
529,0.0069364746581535,SVR
530,0.0504197605888789,SVR
531,0.0166833520435708,SVR
532,0.0087655882314794,SVR
533,0.0537741323849559,SVR
534,0.0637424811229352,SVR
535,0.0344438996564855,SVR
536,0.0324447089665995,SVR
537,0.0017756526167802,SVR
538,0.0099009189109793,SVR
539,0.0067207058734456,SVR
540,0.0287011437493484,SVR
541,0.0535176500211573,SVR
542,0.0011863854660958,SVR
543,0.0787746267824601,SVR
544,0.0425124437385816,SVR
545,0.0198622632704528,SVR
546,0.002001947021855,SVR
547,0.0659525269001951,SVR
548,0.0811742431160427,SVR
549,0.0342045025002416,SVR
550,0.0069408666177306,SVR
551,0.0208913559221182,SVR
552,0.014093156777146,SVR
553,0.0464244536651895,SVR
554,0.025018498701018,SVR
555,0.0062498233657251,SVR
556,0.0053541557911775,SVR
557,0.0103798163845283,SVR
558,0.0298119928955449,SVR
559,0.0064071656297249,SVR
560,0.0794065558791181,SVR
561,0.0058182283522586,SVR
562,0.0717003043400152,SVR
563,0.0146466390837124,SVR
564,0.0204558511018573,SVR
565,0.0143754442236344,SVR
566,0.0229644916382527,SVR
567,0.0235462409790749,SVR
0,0.0049164934193551,RFR
1,0.0015881060580645,RFR
2,0.0083706386806451,RFR
3,0.0303229289612902,RFR
4,0.0257604394516128,RFR
5,0.0276854739387096,RFR
6,0.1184348713290321,RFR
7,0.0029719404967744,RFR
8,0.0141640200870968,RFR
9,0.0376473656741938,RFR
10,0.0111154494258064,RFR
11,0.0685771538129033,RFR
12,0.0032282038903225,RFR
13,0.0161986369258061,RFR
14,0.0039114601387095,RFR
15,0.0175873258419354,RFR
16,0.0346326671096771,RFR
17,0.0061274236225803,RFR
18,0.022544407212903,RFR
19,0.0070817819677418,RFR
20,0.0029966331967743,RFR
21,0.0214373117354836,RFR
22,0.0078262784032259,RFR
23,0.0308022520516124,RFR
24,0.0322447437032255,RFR
25,0.0146956900258066,RFR
26,0.022666274732258,RFR
27,0.0425025487806456,RFR
28,0.0037989609032259,RFR
29,0.0394315775741932,RFR
30,0.0304561480774195,RFR
31,0.1317932878129033,RFR
32,0.0139238343032255,RFR
33,0.0279467344354839,RFR
34,0.0317724038774194,RFR
35,0.0461417756258064,RFR
36,0.000690750245161,RFR
37,0.0047276455193547,RFR
38,0.0031882606580648,RFR
39,0.0303432678387093,RFR
40,0.034655682735484,RFR
41,0.0194821985838712,RFR
42,0.0537165884580641,RFR
43,0.0468686851096776,RFR
44,0.0405757559677418,RFR
45,0.0076036379806453,RFR
46,0.0182770639645158,RFR
47,0.0035654344677421,RFR
48,0.0101432910677417,RFR
49,0.0071427523064517,RFR
50,0.0594606007000001,RFR
51,0.0438377583290329,RFR
52,0.0358394190903225,RFR
53,0.0316676095387096,RFR
54,0.0047607703419357,RFR
55,0.0305910645419351,RFR
56,0.040803426545161,RFR
57,0.0047508056258066,RFR
58,0.0082629544806451,RFR
59,0.034162002154839,RFR
60,0.0193589654064519,RFR
61,0.0007533935064514,RFR
62,0.0163270541870964,RFR
63,0.0067989863580646,RFR
64,0.0716351274451611,RFR
65,0.0413343048193549,RFR
66,0.0120019520387096,RFR
67,0.0246391375548387,RFR
68,0.013985128035484,RFR
69,0.0020935838193553,RFR
70,0.0082565330290321,RFR
71,0.0196862691612904,RFR
72,0.0367282649903223,RFR
73,0.0461888409935483,RFR
74,0.0524608305677419,RFR
75,0.1430283409548388,RFR
76,0.0164458635193549,RFR
77,0.0564657812645159,RFR
78,0.023308982045161,RFR
79,0.0364141293032249,RFR
80,0.0570206358322588,RFR
81,0.0386300467967742,RFR
82,0.0099915071419351,RFR
83,0.0168109798193546,RFR
84,0.0282044892387096,RFR
85,0.018293546696774,RFR
86,0.0196905299838704,RFR
87,0.0393364817258063,RFR
88,0.0122399516193549,RFR
89,0.0290735693193546,RFR
90,0.0079346853838709,RFR
91,0.0023472736935482,RFR
92,0.0040905209322579,RFR
93,0.0347026888903229,RFR
94,0.0456142653032259,RFR
95,0.0107479515193543,RFR
96,0.0250673097516126,RFR
97,0.0349210876838705,RFR
98,0.0030535614225806,RFR
99,0.0387070177322582,RFR
100,0.0143165306903224,RFR
101,0.0010419411354833,RFR
102,0.0033619825161288,RFR
103,0.0302391220451609,RFR
104,0.0685951910612903,RFR
105,0.0334462406677416,RFR
106,0.0068011649677417,RFR
107,0.0351046782548383,RFR
108,0.0253178117838708,RFR
109,0.0478965651290327,RFR
110,0.0312184025322579,RFR
111,0.001950729580645,RFR
112,0.047809918648387,RFR
113,0.0113084588838713,RFR
114,0.0075743331580645,RFR
115,0.0953179442322581,RFR
116,0.0523624504322584,RFR
117,0.0319809981870968,RFR
118,0.0170245408419352,RFR
119,0.011584004174194,RFR
120,0.0150929748419359,RFR
121,0.0092042425419355,RFR
122,0.0292948048322579,RFR
123,0.0132257112032254,RFR
124,0.0337945955225803,RFR
125,0.1447040916387094,RFR
126,0.0056391547451618,RFR
127,0.0375174244774199,RFR
128,0.0650582099935486,RFR
129,0.0428487835322581,RFR
130,0.0168832951387098,RFR
131,0.0872125381580642,RFR
132,0.0183814887967738,RFR
133,0.0809877654354839,RFR
134,0.0297381649129027,RFR
135,0.0065209905032258,RFR
136,0.0004530804548386,RFR
137,0.0039648743129031,RFR
138,0.0184657908774196,RFR
139,0.0438002980193549,RFR
140,0.0164318830451616,RFR
141,0.0010215511064518,RFR
142,0.0087491078709678,RFR
143,0.0318727895032254,RFR
144,0.0615318989483874,RFR
145,0.0832442400838706,RFR
146,0.0078725511516132,RFR
147,0.0126687037870967,RFR
148,0.0053136208419354,RFR
149,0.0053174696096771,RFR
150,0.009024185358064,RFR
151,0.0109976503870966,RFR
152,0.0070089634870966,RFR
153,0.015955777451613,RFR
154,0.0072252627290316,RFR
155,0.043553810983871,RFR
156,0.0349485147483868,RFR
157,0.0088603418903225,RFR
158,0.0195628551096769,RFR
159,0.0228578413387096,RFR
160,0.0347194599967739,RFR
161,0.0671989528774187,RFR
162,0.0065022444258064,RFR
163,0.0576541913838707,RFR
164,0.0101907703193546,RFR
165,0.0586226176741934,RFR
166,0.0264674292258066,RFR
167,0.0289355258870964,RFR
168,0.0140050793354838,RFR
169,0.0630575380387095,RFR
170,0.0305745279451613,RFR
171,0.0704065687322581,RFR
172,0.0639911459967742,RFR
173,0.0131080132322584,RFR
174,0.0225825923612904,RFR
175,0.0171599789967741,RFR
176,0.0180496452483869,RFR
177,0.0099902736516126,RFR
178,0.0150037496483872,RFR
179,0.053032512038709,RFR
180,0.0042418496354841,RFR
181,0.047223489564516,RFR
182,0.0247096130258063,RFR
183,0.0397143013935481,RFR
184,0.092188889890322,RFR
185,0.0201285157096773,RFR
186,0.0006702827096771,RFR
187,0.009178979664516,RFR
188,0.0034480756161292,RFR
189,0.0418549481419353,RFR
190,0.009933736941935,RFR
191,0.0101985162161294,RFR
192,0.0145397601580646,RFR
193,0.0891626367774202,RFR
194,0.0035196254064515,RFR
195,0.0192337953677419,RFR
196,0.0604016324451612,RFR
197,0.0249660659419355,RFR
198,0.0076116981677417,RFR
199,5.360904193596472e-05,RFR
200,0.0307625601064511,RFR
201,0.0109639986741932,RFR
202,0.0022694981387098,RFR
203,0.0233477712322582,RFR
204,0.0077861672193549,RFR
205,0.067219556774194,RFR
206,0.0137451309612905,RFR
207,0.0065472929354835,RFR
208,0.0426464835806451,RFR
209,0.005781020251613,RFR
210,4.901124516121236e-05,RFR
211,0.0034642123645159,RFR
212,0.0286093211032255,RFR
213,0.000834819851613,RFR
214,0.0236424024741933,RFR
215,0.038624260141935,RFR
216,0.0253576528677413,RFR
217,0.0788067210903225,RFR
218,0.057155159135484,RFR
219,0.0169091641096768,RFR
220,0.0200642640774191,RFR
221,0.0213020279645163,RFR
222,0.0089414907451615,RFR
223,0.0227169248806452,RFR
224,0.0388643998612906,RFR
225,0.0111397472419353,RFR
226,0.0495549640806453,RFR
227,0.005088056261291,RFR
228,0.0035175220419358,RFR
229,0.0135246974806457,RFR
230,0.088812857096774,RFR
231,0.0597067125645159,RFR
232,0.0150663147129032,RFR
233,0.0144839031161286,RFR
234,0.013110090780645,RFR
235,0.0793894365290324,RFR
236,0.1142848496806453,RFR
237,0.1309894575000004,RFR
238,0.0084700073419355,RFR
239,0.0232404463516122,RFR
240,0.0646663443161293,RFR
241,0.032117714835484,RFR
242,0.0456802688129035,RFR
243,0.0559906498903226,RFR
244,0.0364314893903221,RFR
245,0.0124620621354841,RFR
246,0.0106358913161284,RFR
247,0.0001623941967743,RFR
248,0.0578607442290319,RFR
249,0.0105388238838711,RFR
250,0.0338982380483874,RFR
251,0.0228958713451614,RFR
252,0.0046350035774195,RFR
253,0.0237108076580646,RFR
254,0.0488162927032266,RFR
255,0.0408894887903225,RFR
256,0.0135236238516127,RFR
257,0.0061475909032259,RFR
258,0.0394717525322583,RFR
259,0.0077481336677419,RFR
260,0.0122274305709682,RFR
261,0.0001812648645159,RFR
262,0.0338781193967736,RFR
263,0.02106164236129,RFR
264,0.0290655739483869,RFR
265,0.0042036740193546,RFR
266,0.0035865970064512,RFR
267,0.0037746367612906,RFR
268,0.0795503686516131,RFR
269,0.0235765511032262,RFR
270,0.0018279793161288,RFR
271,0.0101740605129033,RFR
272,0.1055652764677422,RFR
273,0.0692255703032252,RFR
274,0.0042588217451615,RFR
275,0.0013392068387089,RFR
276,0.0365552326903229,RFR
277,0.0245021441870971,RFR
278,0.0794012004838707,RFR
279,0.0556261121774193,RFR
280,0.01189011516129,RFR
281,0.001603017267742,RFR
282,0.0015908054741938,RFR
283,0.0197579841709678,RFR
284,0.0166340034483871,RFR
285,0.0689108695064517,RFR
286,0.0023789710774191,RFR
287,0.0080358516774191,RFR
288,0.1001833881516136,RFR
289,0.0347759381387099,RFR
290,0.060427137512903,RFR
291,0.0206801670354838,RFR
292,0.0261614050741937,RFR
293,0.000277634196774,RFR
294,0.0360171963580646,RFR
295,0.0169523573129033,RFR
296,0.0228987322870967,RFR
297,0.0271563279645157,RFR
298,0.0397794255322582,RFR
299,0.0028152076999996,RFR
300,0.0036839859387094,RFR
301,0.0451880483709676,RFR
302,0.0136063433645163,RFR
303,0.0400347229645158,RFR
304,0.021304403496774,RFR
305,0.0587352074516129,RFR
306,0.0061715529258069,RFR
307,0.0404838336999995,RFR
308,0.0151703857354836,RFR
309,0.0158717581806453,RFR
310,0.0100249741967746,RFR
311,0.0117726140161295,RFR
312,0.010290115032258,RFR
313,0.007225652345161,RFR
314,0.0219539719935484,RFR
315,0.0137506521161288,RFR
316,0.0148970767419351,RFR
317,0.0076832932193552,RFR
318,0.0910468467967743,RFR
319,0.0284555730774189,RFR
320,0.0105733116548384,RFR
321,0.0369956767129033,RFR
322,0.0140627728806453,RFR
323,0.0351981083741939,RFR
324,0.0263791568000004,RFR
325,0.0313248535741931,RFR
326,0.0335010690612903,RFR
327,0.0041695642774193,RFR
328,0.0074237919645161,RFR
329,0.0269256911806455,RFR
330,0.0284478187129032,RFR
331,0.0966103352451612,RFR
332,0.0556222151451616,RFR
333,0.0014696623258063,RFR
334,0.0105224851709679,RFR
335,0.0289114233806452,RFR
336,0.0578926639419357,RFR
337,0.0032973670870957,RFR
338,0.0020255513451612,RFR
339,0.0179204623032259,RFR
340,0.0112514208774192,RFR
341,0.1035486600258062,RFR
342,0.0396876086709677,RFR
343,0.0031287727419352,RFR
344,0.0413153206258063,RFR
345,0.002833939532258,RFR
346,0.0136422405612904,RFR
347,0.0086224434935485,RFR
348,0.0056780933419359,RFR
349,0.0047074389129033,RFR
350,0.0175042673161294,RFR
351,0.0330563633032258,RFR
352,0.0459844459548388,RFR
353,0.024819280409677,RFR
354,0.0168868765677417,RFR
355,0.0244806463096773,RFR
356,0.0372631928806451,RFR
357,0.0150541263870963,RFR
358,0.0407248074870967,RFR
359,0.0335771080483873,RFR
360,0.0189847960451609,RFR
361,0.0051042288903222,RFR
362,0.0486414608645162,RFR
363,0.0104009684967741,RFR
364,0.0182811379935485,RFR
365,0.0109139626999998,RFR
366,0.047188469632258,RFR
367,0.0414556715129028,RFR
368,0.0415723496161292,RFR
369,0.0042159035612905,RFR
370,0.0236339344806452,RFR
371,0.025228943083871,RFR
372,0.0071861285548392,RFR
373,0.0142617905709674,RFR
374,0.0480114618387096,RFR
375,0.0299147383516125,RFR
376,0.0047337134064522,RFR
377,0.0765722031354836,RFR
378,0.0866977837290323,RFR
379,0.0275499452838713,RFR
380,0.0028958677258066,RFR
381,0.0807626555064515,RFR
382,0.00479275466129,RFR
383,0.0530061883580642,RFR
384,0.0050488448677412,RFR
385,0.0226084102645163,RFR
386,0.0205303787225802,RFR
387,0.0120040467258067,RFR
388,0.0302067323096776,RFR
389,0.0159755694387095,RFR
390,0.0401632709516125,RFR
391,0.0132022721258058,RFR
392,0.0212120195387096,RFR
393,0.0250701279096769,RFR
394,0.1329850054741935,RFR
395,0.0068905012096776,RFR
396,0.0347909407935482,RFR
397,0.0289095430548387,RFR
398,0.0295025451774189,RFR
399,0.0171038615483877,RFR
400,0.0655365279225811,RFR
401,0.0860390739129034,RFR
402,0.0630323276225808,RFR
403,0.0081563091677424,RFR
404,0.013196956483871,RFR
405,0.0231677806290323,RFR
406,8.168699677424396e-05,RFR
407,0.0045025796322578,RFR
408,0.070686298732258,RFR
409,0.0028070627677423,RFR
410,0.0108713053451611,RFR
411,0.0106152072999999,RFR
412,0.0183429719290324,RFR
413,0.0228514250903222,RFR
414,0.0143329839354843,RFR
415,0.0059976361967739,RFR
416,0.0765865804032264,RFR
417,0.0175120911709679,RFR
418,0.0364680984967745,RFR
419,0.0025883322161291,RFR
420,0.0010789669064514,RFR
421,0.0170309194451613,RFR
422,0.0239254915935483,RFR
423,0.0309126468870967,RFR
424,0.0256327634451607,RFR
425,0.0504516992419358,RFR
426,0.0125961996419354,RFR
427,0.0374078252838716,RFR
428,0.0056033104741936,RFR
429,0.0029612028225813,RFR
430,0.0508556221161293,RFR
431,0.079012890512903,RFR
432,0.017349600687097,RFR
433,0.0268206083419353,RFR
434,0.0886026131774194,RFR
435,0.0831713750774196,RFR
436,0.0191472021354838,RFR
437,0.0138554652903228,RFR
438,0.0325753509838708,RFR
439,0.0810885773806451,RFR
440,0.0067942800354842,RFR
441,0.0068359181903226,RFR
442,0.0020606281064513,RFR
443,0.0050576381709678,RFR
444,0.0035234800516134,RFR
445,0.0045303216838709,RFR
446,0.0805657614870968,RFR
447,0.0294868976645162,RFR
448,0.004824488480645,RFR
449,0.0218008859258065,RFR
450,7.291116774210682e-05,RFR
451,0.0366160216096774,RFR
452,0.023187188070968,RFR
453,0.0111640520806453,RFR
454,0.0230249809451611,RFR
455,0.0044795536774191,RFR
456,0.0028290500096774,RFR
457,0.0378800905967741,RFR
458,0.0006289366354836,RFR
459,0.0192003945322585,RFR
460,0.0272049101741935,RFR
461,0.0180496693387095,RFR
462,0.0106472218870967,RFR
463,0.0227407918290321,RFR
464,0.0884320205806452,RFR
465,0.0426978089677417,RFR
466,0.0269714624129032,RFR
467,0.0069338574032252,RFR
468,0.0039233710709677,RFR
469,0.0114196043677415,RFR
470,0.0115494829387099,RFR
471,0.0032695425419357,RFR
472,0.0671927150516129,RFR
473,0.0318133266548384,RFR
474,0.018892964806452,RFR
475,0.0208912268548383,RFR
476,0.0009932809032259,RFR
477,0.0079412688354838,RFR
478,0.0008859917516131,RFR
479,0.0300771400612899,RFR
480,0.0174966548483869,RFR
481,0.0379912722193547,RFR
482,0.0159970272483872,RFR
483,0.0164483800548387,RFR
484,0.0210824185774199,RFR
485,0.000856427596774,RFR
486,0.0411904424419354,RFR
487,0.000792617493548,RFR
488,0.0330131767161289,RFR
489,0.0242051400774195,RFR
490,0.0454895731322582,RFR
491,0.0142274845258061,RFR
492,0.0225593174838713,RFR
493,0.0114641903677422,RFR
494,0.0102394218838706,RFR
495,0.0176535915096776,RFR
496,0.0088505523967741,RFR
497,0.0013185251516127,RFR
498,0.0364526220612901,RFR
499,0.0036637806709679,RFR
500,0.0047340050451619,RFR
501,0.0125195558225804,RFR
502,0.0322281356774201,RFR
503,0.0143025325645164,RFR
504,0.004856850987097,RFR
505,0.0456729419258066,RFR
506,0.005102759490323,RFR
507,0.044354751048387,RFR
508,0.0391554967838712,RFR
509,0.0049332207129031,RFR
510,0.04247605143871,RFR
511,0.0467290776645162,RFR
512,0.0871659211258065,RFR
513,0.0222443001451616,RFR
514,0.0041257919612905,RFR
515,0.0129462035645162,RFR
516,0.0359090462354839,RFR
517,0.0343512081903222,RFR
518,0.004105469296774,RFR
519,0.0145886035677423,RFR
520,0.0194592003806446,RFR
521,0.0295604343838709,RFR
522,0.0010406330806451,RFR
523,0.0036978396096768,RFR
524,0.0332352416322577,RFR
525,0.0717398543322581,RFR
526,0.0862080508193549,RFR
527,0.0006639901032258,RFR
528,0.0010836874290318,RFR
529,0.0014403219838706,RFR
530,0.023546456919355,RFR
531,0.0541728655064516,RFR
532,0.0157448059322585,RFR
533,0.0250703540064515,RFR
534,0.0045505509032255,RFR
535,0.0028894227225808,RFR
536,0.0672726203129028,RFR
537,0.0334497224161285,RFR
538,0.009648182867742,RFR
539,2.6797561290869965e-05,RFR
540,0.0034641392322581,RFR
541,0.0324689249483869,RFR
542,0.0288782678322576,RFR
543,0.0157214948677415,RFR
544,0.0018093938322583,RFR
545,0.0021354317806456,RFR
546,0.0041568353064512,RFR
547,0.0008729632129028,RFR
548,0.0026224002838712,RFR
549,0.0385285432451609,RFR
550,0.0316120156935486,RFR
551,0.0073683545129032,RFR
552,0.0242344826419355,RFR
553,0.1095223157741938,RFR
554,0.0102696502741934,RFR
555,0.0383737301999996,RFR
556,0.0967404613064517,RFR
557,2.297266129058784e-05,RFR
558,0.0493533770354834,RFR
559,0.0399810322096777,RFR
560,0.0388312100322578,RFR
561,0.0029819462709677,RFR
562,0.0075058056612904,RFR
563,0.0074063023322575,RFR
564,0.0214019508225806,RFR
565,0.0255858087806457,RFR
566,0.0041754873903222,RFR
567,0.0036058972290323,RFR
0,0.0198442238709677,GPR
1,0.0218678903225806,GPR
2,0.0076591625806451,GPR
3,0.0101116961290321,GPR
4,0.0539655774193548,GPR
5,0.035481570967742,GPR
6,0.0307996767741937,GPR
7,0.0224246187096776,GPR
8,0.0305069561290323,GPR
9,0.0281132064516129,GPR
10,0.013379355483871,GPR
11,0.0115729070967742,GPR
12,0.0186227296774194,GPR
13,0.0144480999999999,GPR
14,0.0275729561290322,GPR
15,0.0422987206451612,GPR
16,0.0053524877419354,GPR
17,0.0265121980645161,GPR
18,0.0054723903225806,GPR
19,0.0218145903225807,GPR
20,0.0493688322580643,GPR
21,0.0057147399999999,GPR
22,0.002782862580645,GPR
23,0.0089938167741935,GPR
24,0.0361651574193547,GPR
25,0.0073016283870968,GPR
26,0.0043990870967741,GPR
27,0.1018149767741934,GPR
28,0.0074159767741934,GPR
29,0.0218902703225806,GPR
30,0.0576872277419355,GPR
31,0.036448495483871,GPR
32,0.0091349393548387,GPR
33,0.0092398658064514,GPR
34,0.0095848283870967,GPR
35,0.0177518509677419,GPR
36,0.0064519212903225,GPR
37,0.0086669032258063,GPR
38,0.0389780967741936,GPR
39,0.0145178064516128,GPR
40,0.0510584587096774,GPR
41,0.0634167806451613,GPR
42,0.0093397419354837,GPR
43,0.0348523664516128,GPR
44,0.0921338780645162,GPR
45,0.0055235477419356,GPR
46,0.0334078864516128,GPR
47,0.0466773619354837,GPR
48,0.0258179451612903,GPR
49,0.0114220767741936,GPR
50,0.0756756400000001,GPR
51,0.0037099316129033,GPR
52,0.0453182154838708,GPR
53,0.016189976129032,GPR
54,0.0875935399999998,GPR
55,0.0163354025806452,GPR
56,0.00279182,GPR
57,0.0296938548387095,GPR
58,0.0017890361290323,GPR
59,0.0558473909677419,GPR
60,0.0032884283870967,GPR
61,0.0156366529032258,GPR
62,0.0569110658064516,GPR
63,0.0328093387096775,GPR
64,0.0186786993548386,GPR
65,0.0241754238709677,GPR
66,0.0174318264516128,GPR
67,0.0187749045161291,GPR
68,0.0180143477419355,GPR
69,0.0633482683870967,GPR
70,0.0090348858064515,GPR
71,0.004586950967742,GPR
72,0.0449527154838709,GPR
73,0.0124751367741935,GPR
74,0.0060905722580645,GPR
75,0.022380115483871,GPR
76,0.0126030941935484,GPR
77,0.0288947974193547,GPR
78,0.0077031322580647,GPR
79,0.006673693548387,GPR
80,0.0011927625806451,GPR
81,0.0498197361290322,GPR
82,0.0270483309677418,GPR
83,0.0114990270967741,GPR
84,0.0245000780645161,GPR
85,0.0035202012903226,GPR
86,0.0110275496774193,GPR
87,0.0281315916129031,GPR
88,0.0136692232258064,GPR
89,0.0598903709677418,GPR
90,0.0220157258064516,GPR
91,0.0350797167741936,GPR
92,0.0034182148387097,GPR
93,0.0101985161290323,GPR
94,0.0072689722580644,GPR
95,0.021646906451613,GPR
96,0.0075108974193549,GPR
97,0.018360809032258,GPR
98,0.0195420058064517,GPR
99,0.0066810845161291,GPR
100,0.0281367774193547,GPR
101,0.0306269967741933,GPR
102,0.0286782651612902,GPR
103,0.0170523483870967,GPR
104,0.002302881935484,GPR
105,0.0150702032258064,GPR
106,0.0487914329032257,GPR
107,0.0063353948387095,GPR
108,0.1042103399999999,GPR
109,0.1084562819354838,GPR
110,0.0658940548387098,GPR
111,0.0074191935483869,GPR
112,0.0188849341935481,GPR
113,0.0775341999999998,GPR
114,0.0035780174193548,GPR
115,0.0111567012903226,GPR
116,0.0886133767741935,GPR
117,0.0388285632258065,GPR
118,0.0049114974193548,GPR
119,0.0278525296774194,GPR
120,0.0737469348387096,GPR
121,0.1622009554838709,GPR
122,0.0190612587096774,GPR
123,0.0246591967741937,GPR
124,0.005386318064516,GPR
125,0.0351399148387095,GPR
126,0.0483874845161289,GPR
127,0.0457511761290323,GPR
128,0.0873931329032259,GPR
129,0.0203652690322581,GPR
130,0.0237690729032258,GPR
131,0.0259258793548387,GPR
132,0.0117382,GPR
133,0.0176667322580645,GPR
134,0.0112757361290322,GPR
135,0.0144775167741937,GPR
136,0.0060596754838709,GPR
137,0.0216346677419354,GPR
138,0.0359195509677419,GPR
139,0.0696656232258063,GPR
140,0.0254878709677418,GPR
141,0.0103966870967742,GPR
142,0.0046559929032258,GPR
143,0.0180181587096773,GPR
144,0.0056964109677419,GPR
145,0.0112615961290321,GPR
146,0.0226100806451612,GPR
147,0.0520878258064515,GPR
148,0.0175173361290321,GPR
149,0.0071122561290322,GPR
150,0.0979758987096774,GPR
151,0.0570154670967743,GPR
152,0.015372767096774,GPR
153,0.0089475458064516,GPR
154,0.0115741367741936,GPR
155,0.0083228103225806,GPR
156,0.0259182774193549,GPR
157,0.0239228987096774,GPR
158,0.0006252206451612,GPR
159,0.0044866470967741,GPR
160,0.061447981935484,GPR
161,0.0404945593548385,GPR
162,0.0813210877419354,GPR
163,0.0019229929032257,GPR
164,0.0289487670967741,GPR
165,0.0357489632258063,GPR
166,0.020180838064516,GPR
167,0.0059258638709676,GPR
168,0.0701442483870966,GPR
169,0.0022180490322579,GPR
170,0.0428490858064516,GPR
171,0.0250589148387095,GPR
172,0.0108569270967742,GPR
173,0.0466036696774191,GPR
174,0.021949610967742,GPR
175,0.0014224916129033,GPR
176,0.0446573148387097,GPR
177,0.0149378135483869,GPR
178,0.0088124077419354,GPR
179,0.001536833548387,GPR
180,0.0036383387096773,GPR
181,0.0785564638709677,GPR
182,0.0055517806451611,GPR
183,0.0812901664516129,GPR
184,0.0158596941935484,GPR
185,0.0218757780645161,GPR
186,0.0212374974193547,GPR
187,0.0054284877419354,GPR
188,0.0007781819354839,GPR
189,0.0109266232258062,GPR
190,0.0036614212903224,GPR
191,0.0134416683870968,GPR
192,0.0318168161290323,GPR
193,0.0111753864516128,GPR
194,0.0221381741935484,GPR
195,0.0159527464516128,GPR
196,0.0081267238709676,GPR
197,0.0075784445161291,GPR
198,0.0021666167741934,GPR
199,0.0290879987096773,GPR
200,0.026759056129032,GPR
201,0.0196920870967741,GPR
202,0.0057877341935483,GPR
203,0.0220965993548386,GPR
204,0.0249247935483871,GPR
205,0.063038955483871,GPR
206,0.0974038438709679,GPR
207,0.0053305180645161,GPR
208,0.0352747529032257,GPR
209,0.0082930967741934,GPR
210,0.0093526109677419,GPR
211,0.0763000303225807,GPR
212,0.0575938677419355,GPR
213,0.0239680561290321,GPR
214,0.0577194238709677,GPR
215,0.0204067735483871,GPR
216,0.0116305612903223,GPR
217,0.0037012645161291,GPR
218,0.0460646974193548,GPR
219,0.0315263632258064,GPR
220,0.0170964193548387,GPR
221,0.0270486083870968,GPR
222,0.0344563038709677,GPR
223,0.0390922909677419,GPR
224,0.0177913206451614,GPR
225,0.0043148806451612,GPR
226,0.0216974419354839,GPR
227,0.0354565070967741,GPR
228,0.0602482038709676,GPR
229,0.0248915922580644,GPR
230,0.0327442722580645,GPR
231,0.0078602632258064,GPR
232,0.0017735212903224,GPR
233,0.0156267483870969,GPR
234,0.0487498045161289,GPR
235,0.010837941935484,GPR
236,0.0310741167741934,GPR
237,0.0025715122580645,GPR
238,0.0074765619354838,GPR
239,0.0081100393548386,GPR
240,0.0098768548387095,GPR
241,0.0217883290322579,GPR
242,0.0211482058064514,GPR
243,0.0300985129032257,GPR
244,0.0018579980645161,GPR
245,0.0029659464516128,GPR
246,0.039462567096774,GPR
247,0.0160276948387096,GPR
248,0.0628688316129032,GPR
249,0.0569559825806451,GPR
250,0.0146924774193549,GPR
251,0.0126916051612903,GPR
252,0.0049090567741935,GPR
253,0.0248933574193548,GPR
254,0.0173619529032259,GPR
255,0.0806859296774193,GPR
256,0.0300427329032256,GPR
257,0.0080169283870968,GPR
258,0.008148302580645,GPR
259,0.0879272587096772,GPR
260,0.0303336496774193,GPR
261,0.03742396,GPR
262,0.0012855851612904,GPR
263,0.0057597716129031,GPR
264,0.0248276322580646,GPR
265,0.0240724967741935,GPR
266,0.0207649851612904,GPR
267,0.0189626438709675,GPR
268,0.0502590729032256,GPR
269,0.0201977890322579,GPR
270,0.0255082722580646,GPR
271,0.0246804574193547,GPR
272,0.0356679580645159,GPR
273,2.331870967720029e-05,GPR
274,0.0147426064516128,GPR
275,0.0511168993548388,GPR
276,0.0251982296774194,GPR
277,0.0425904148387096,GPR
278,0.0173931696774194,GPR
279,0.0740270774193547,GPR
280,0.0994541819354838,GPR
281,0.03084918,GPR
282,0.0154917780645161,GPR
283,0.0273718180645161,GPR
284,0.0316690903225808,GPR
285,0.0743530199999999,GPR
286,0.0098403929032259,GPR
287,0.0211212135483871,GPR
288,0.0366183064516129,GPR
289,0.0182712348387097,GPR
290,0.0081873767741936,GPR
291,0.0106655445161292,GPR
292,0.0003882354838709,GPR
293,0.0128041296774193,GPR
294,0.0093209077419355,GPR
295,0.0450862412903226,GPR
296,0.0143542122580644,GPR
297,0.0212846032258063,GPR
298,0.0312262329032259,GPR
299,0.0411433303225805,GPR
300,0.0084835258064515,GPR
301,0.0110687554838709,GPR
302,0.0203780129032258,GPR
303,0.1089244174193547,GPR
304,0.0279607548387095,GPR
305,0.0057776890322579,GPR
306,0.02689158,GPR
307,9.855612903220123e-05,GPR
308,0.0151884516129033,GPR
309,0.0100710367741935,GPR
310,0.0160831277419355,GPR
311,0.0943348483870968,GPR
312,0.0002140748387097,GPR
313,0.0568223141935482,GPR
314,0.0140091238709678,GPR
315,0.0289735296774193,GPR
316,0.0001340025806451,GPR
317,0.0119846051612902,GPR
318,0.0885828709677419,GPR
319,0.0039128058064517,GPR
320,0.0475921180645161,GPR
321,0.0072535135483869,GPR
322,0.060490426451613,GPR
323,0.1022755561290321,GPR
324,0.0237449516129033,GPR
325,0.0223290425806451,GPR
326,0.0792831303225807,GPR
327,0.0019838890322579,GPR
328,0.0056805916129032,GPR
329,0.0742164438709677,GPR
330,0.0180265141935482,GPR
331,0.0174311167741934,GPR
332,0.0373907670967742,GPR
333,0.0015527916129031,GPR
334,0.0269800935483871,GPR
335,0.0160203767741933,GPR
336,0.0016105225806453,GPR
337,0.0072122387096774,GPR
338,0.0133542664516129,GPR
339,0.004879053548387,GPR
340,0.0513955167741935,GPR
341,0.033312898064516,GPR
342,0.0010702877419355,GPR
343,0.0459031987096775,GPR
344,0.0305912490322578,GPR
345,0.029518158064516,GPR
346,0.0084145296774192,GPR
347,0.013873327096774,GPR
348,0.0260772735483869,GPR
349,0.0018307296774192,GPR
350,0.0305315935483869,GPR
351,0.0612416361290322,GPR
352,0.063010233548387,GPR
353,0.0065527961290322,GPR
354,0.0245896974193549,GPR
355,0.0333237122580646,GPR
356,0.0354153322580644,GPR
357,0.0184764354838707,GPR
358,0.0248826858064515,GPR
359,0.0222914064516129,GPR
360,0.0176026264516129,GPR
361,0.0129475903225805,GPR
362,0.005389686451613,GPR
363,0.0024097548387096,GPR
364,0.1086693438709678,GPR
365,0.0121347922580644,GPR
366,0.0334905354838709,GPR
367,0.001758882580645,GPR
368,0.0427341735483871,GPR
369,0.0125757477419354,GPR
370,0.0133726225806452,GPR
371,0.0067424335483871,GPR
372,0.0003516006451613,GPR
373,0.0159066896774193,GPR
374,0.0241561116129032,GPR
375,0.0118568703225805,GPR
376,0.0146016761290324,GPR
377,0.0072353690322579,GPR
378,0.0118757025806451,GPR
379,0.0350160754838709,GPR
380,0.0404815864516129,GPR
381,0.0741825754838709,GPR
382,0.0324749909677419,GPR
383,0.0692989696774192,GPR
384,0.0230095083870965,GPR
385,0.0162040464516129,GPR
386,0.0422952187096774,GPR
387,0.0292663019354838,GPR
388,0.0319537399999999,GPR
389,0.0093270025806452,GPR
390,0.0009258167741933,GPR
391,0.0080425522580646,GPR
392,0.0634066251612902,GPR
393,0.0437039303225808,GPR
394,0.0149009374193548,GPR
395,0.0058405903225806,GPR
396,0.0035156374193547,GPR
397,0.0520033916129032,GPR
398,0.0324134716129032,GPR
399,0.0790300722580645,GPR
400,0.0357432722580645,GPR
401,0.0026030509677419,GPR
402,0.0111682980645161,GPR
403,0.0504457348387096,GPR
404,0.0149435838709677,GPR
405,0.0244218038709678,GPR
406,0.0216494516129033,GPR
407,0.0036839503225807,GPR
408,0.0450590677419353,GPR
409,0.0086136316129032,GPR
410,0.0689296883870967,GPR
411,0.0557214109677419,GPR
412,0.0339452277419354,GPR
413,0.0302870277419353,GPR
414,0.0210098980645161,GPR
415,0.0369704503225806,GPR
416,0.0246153670967741,GPR
417,0.0375688574193546,GPR
418,0.0147976954838708,GPR
419,0.0520088367741935,GPR
420,0.0083398380645159,GPR
421,0.0175335806451613,GPR
422,0.014105638064516,GPR
423,0.0160989483870968,GPR
424,0.0248328774193548,GPR
425,0.0023105916129032,GPR
426,0.052887198064516,GPR
427,0.0215854729032257,GPR
428,0.043860818064516,GPR
429,0.0123489645161289,GPR
430,0.0742362490322581,GPR
431,0.0607637716129031,GPR
432,0.0028035290322581,GPR
433,0.0571548754838709,GPR
434,0.0934508438709675,GPR
435,0.0900243438709678,GPR
436,0.004102549032258,GPR
437,0.0142519864516129,GPR
438,0.0032688967741935,GPR
439,0.028360342580645,GPR
440,0.0132587258064515,GPR
441,0.0018029600000001,GPR
442,0.0127941632258065,GPR
443,0.0419852987096776,GPR
444,0.0539424367741936,GPR
445,0.0154196961290322,GPR
446,0.0692648270967741,GPR
447,0.1580231561290322,GPR
448,0.0266936096774192,GPR
449,0.0415659251612905,GPR
450,0.0217192064516128,GPR
451,0.012272706451613,GPR
452,0.0005611541935482,GPR
453,0.0048898122580643,GPR
454,0.0038373361290324,GPR
455,0.0007247470967741,GPR
456,0.0491784838709677,GPR
457,0.0023553,GPR
458,0.0028558148387095,GPR
459,0.0382896270967743,GPR
460,0.1626807251612902,GPR
461,0.0027495206451612,GPR
462,0.0129561193548386,GPR
463,0.1131058341935485,GPR
464,0.0287388987096774,GPR
465,0.0058656251612903,GPR
466,0.0875554993548387,GPR
467,0.028140629032258,GPR
468,0.0278359129032257,GPR
469,0.0083679645161292,GPR
470,0.0538187916129031,GPR
471,0.041884746451613,GPR
472,0.0376794167741936,GPR
473,0.0635499793548386,GPR
474,0.0489688238709677,GPR
475,0.00580572,GPR
476,0.009073564516129,GPR
477,0.0245360948387097,GPR
478,0.0053242522580645,GPR
479,0.0248401419354838,GPR
480,0.000955329032258,GPR
481,0.0846909851612903,GPR
482,0.0469967999999999,GPR
483,0.058678822580645,GPR
484,0.119213342580645,GPR
485,0.0225179916129031,GPR
486,0.0426472251612902,GPR
487,0.0379197851612904,GPR
488,0.0605163941935483,GPR
489,0.057804824516129,GPR
490,0.0166669322580644,GPR
491,0.0204649761290325,GPR
492,0.0003680141935484,GPR
493,0.0087562025806452,GPR
494,0.0503846767741936,GPR
495,0.0149120503225805,GPR
496,0.0151482503225806,GPR
497,0.0772395741935484,GPR
498,0.0225998141935483,GPR
499,0.0370863251612902,GPR
500,0.1173586612903226,GPR
501,0.0185743974193547,GPR
502,0.0090324393548388,GPR
503,0.0172396580645159,GPR
504,0.0259742329032258,GPR
505,0.0504375045161289,GPR
506,0.0146618683870967,GPR
507,0.0282453387096773,GPR
508,0.0376015251612904,GPR
509,0.0133833483870967,GPR
510,0.0169515032258065,GPR
511,0.0177649516129032,GPR
512,0.0056973399999999,GPR
513,0.0127649193548388,GPR
514,0.0245806103225807,GPR
515,0.0242675987096774,GPR
516,0.012765724516129,GPR
517,0.0037346432258065,GPR
518,0.0557896845161288,GPR
519,0.0247891058064516,GPR
520,0.0493268625806452,GPR
521,0.0242883722580645,GPR
522,0.0007260374193549,GPR
523,0.024519635483871,GPR
524,0.042848264516129,GPR
525,0.0012630290322579,GPR
526,0.0049319503225805,GPR
527,0.0205785993548386,GPR
528,0.0903197425806452,GPR
529,0.0042306716129032,GPR
530,0.0320057606451613,GPR
531,0.0047513993548388,GPR
532,0.0108482025806451,GPR
533,0.0227667019354839,GPR
534,0.0558287303225805,GPR
535,9.08058064515993e-05,GPR
536,0.0092039367741935,GPR
537,0.0149180593548388,GPR
538,0.0521244187096774,GPR
539,0.0438736774193547,GPR
540,0.0174064077419354,GPR
541,0.0138437303225805,GPR
542,0.0091974703225805,GPR
543,0.0019412896774195,GPR
544,0.0123049199999999,GPR
545,0.0306502658064515,GPR
546,0.0036434174193546,GPR
547,0.022089909032258,GPR
548,0.0044795703225807,GPR
549,0.0185674283870967,GPR
550,0.0025009432258065,GPR
551,0.0127530161290323,GPR
552,0.037000515483871,GPR
553,0.0425956548387096,GPR
554,0.0094136187096776,GPR
555,0.0271329999999999,GPR
556,0.0502206941935483,GPR
557,0.0134277929032259,GPR
558,0.0070862780645162,GPR
559,0.0266689845161292,GPR
560,0.0094017116129031,GPR
561,0.0094110283870968,GPR
562,0.0592347987096775,GPR
563,0.008584246451613,GPR
564,0.0094211083870966,GPR
565,0.0831102019354838,GPR
566,0.0448489096774193,GPR
567,0.0079178077419354,GPR
