,Mileage (km),SOH
0,25.3,0.9674192960784315
1,51.2,0.9256466627450981
2,71.1,0.9317911071895426
3,71.1,0.9121437359477125
4,88.1,0.9421695215686273
5,88.1,0.9646304078431372
6,106.6,0.9852166287581698
7,106.6,0.9863592568627451
8,114.2,0.977419954248366
9,114.2,0.9854399967320262
10,203.4,0.8978347718954248
11,203.4,0.9184712333333334
12,219.5,0.9526218333333333
13,219.5,0.9386268130718954
14,219.5,0.9393462418300654
15,367.9,0.9865110875816994
16,367.9,0.9803913751633987
17,453.8,0.8902189307189543
18,453.8,0.8801955215686273
19,453.8,0.8794147274509803
20,481.3,0.910693597385621
21,508.3,0.8263678098039215
22,508.3,0.8285187111111111
23,512.4,0.870615419607843
24,512.4,0.8479301503267974
25,532.6,0.9153940790849673
26,532.6,0.9065067581699346
27,619.2,0.7989551156862745
28,627.8,0.9204573490196079
29,627.8,0.914842639869281
30,759.1,0.8977890745098039
31,762.6,0.9668852372549019
32,789.9,0.7864685052287582
33,789.9,0.7486641856209151
34,817.2,0.9121174967320261
35,836.7,0.8355431483660131
36,839.9,0.8766353183006536
37,852.6,0.8789461934640522
38,997.2,0.8535816895424836
39,997.2,0.8911510647058825
40,997.2,0.8543107019607842
41,997.2,0.8567226973856209
42,1017.8,0.9359181071895425
43,1018.1,0.9298623882352942
44,1018.1,0.9239089
45,1018.1,0.9258629562091503
46,1084.1,0.8916919581699347
47,1146.1,0.92803012875817
48,1146.1,0.7912644640522876
49,1146.1,0.9251350908496733
50,1234.1,0.9717155320261438
51,1243.0,0.9098112568627451
52,1356.6,0.9213587496732026
53,1356.6,0.9223066241830065
54,1356.6,0.9110933699346405
55,1362.9,0.9533488405228757
56,1555.2,0.9344684228758169
57,1555.2,0.9365822562091504
58,1555.2,0.937183477124183
59,1563.2,0.8612506385620915
60,1563.2,0.8903183993464052
61,1563.2,0.9311535013071895
62,1619.9,0.8676883856209151
63,1640.8,0.8899096869281046
64,1670.7,0.898656733986928
65,1755.6,0.9687315849673204
66,1831.1,0.8520434960784313
67,1831.1,0.8574518098039215
68,1839.2,0.8637392228758171
69,1859.7,0.9154482071895425
70,1888.9,0.8295168065359477
71,1921.5,0.9802190039215687
72,2123.8,0.7561135941176471
73,2280.3,0.9511164614379086
74,2299.2,0.8758588908496732
75,2329.1,0.8072283862745098
76,2340.4,0.8562933379084968
77,2398.7,0.9745684470588235
78,2425.8,0.9380040222222222
79,2454.5,0.9145928718954248
80,2454.5,0.917686337254902
81,2474.5,0.8832700026143792
82,2614.7,0.8019356235294117
83,2651.5,0.9348005751633987
84,2651.5,0.9620761248366014
85,2652.3,0.8816492405228757
86,2822.2,0.8492353032679738
87,2851.7,0.942570383006536
88,2869.3,0.9041285810457517
89,2869.3,0.8990916790849673
90,2871.9,0.9403952202614378
91,2877.3,0.8755293013071895
92,2886.0,0.8914023222222222
93,2889.8,0.8974797222222223
94,2915.8,0.9611781732026143
95,2936.1,0.9224032065359477
96,3096.0,0.9709775745098038
97,3096.7,0.9100833679738562
98,3106.8,0.853915562745098
99,3106.8,0.8652897568627451
100,3161.2,0.8771394333333333
101,3161.2,0.8900304901960785
102,3189.5,0.9711646836601308
103,3193.1,0.8874247679738563
104,3219.6,0.8522379189542484
105,3242.4,0.9694556437908497
106,3270.6,0.9609311640522875
107,3561.6,0.836749
108,3561.6,0.8381176614379086
109,3764.8,0.971295085620915
110,3764.8,0.950823148366013
111,3769.8,0.860454248366013
112,4021.1,0.9802619660130719
113,4041.4,0.9018185607843138
114,4063.3,0.8553726261437908
115,4073.5,0.9446878869281046
116,4086.2,0.9794857215686275
117,4120.6,0.8782992130718955
118,4125.1,0.8453532307189543
119,4137.1,0.9918000601307191
120,4137.1,0.9688500352941176
121,4138.1,0.9346735006535947
122,4138.1,0.9352946392156863
123,4138.1,0.9274061908496731
124,4272.8,0.929269005882353
125,4328.2,0.8375867568627451
126,4400.6,1.0207615633986928
127,4472.2,0.8595166790849672
128,4472.2,0.862000831372549
129,4485.7,0.8453448176470588
130,4552.0,0.7928106509803922
131,4681.7,0.9706224281045752
132,4681.7,0.9760575307189542
133,4716.6,0.8492018803921569
134,4724.5,0.881733139869281
135,4734.4,1.0425280490196078
136,4734.4,0.9717411614379085
137,4750.5,0.9066425941176471
138,4754.9,0.9464896150326798
139,4762.2,0.9221645045751634
140,4930.9,0.9684235718954247
141,5046.0,0.8573648509803922
142,5099.7,0.8480459477124183
143,5131.4,0.994875222875817
144,5212.5,0.9553304464052287
145,5212.5,0.9578867104575163
146,5312.2,0.885028694117647
147,5314.8,0.8224412751633987
148,5402.8,0.9265118784313725
149,5406.5,0.9107391843137255
150,5604.3,0.9325718535947712
151,5638.0,0.8576383823529412
152,5638.0,0.9157494052287581
153,5638.0,0.9133127934640523
154,5749.0,0.9115814921568627
155,5883.5,0.9496892424836602
156,5891.8,0.8777624869281047
157,5924.8,0.9210397176470588
158,5939.6,0.9089927490196079
159,5954.5,0.9178096647058823
160,6110.7,0.869372685620915
161,6266.7,0.9808844843137255
162,6302.1,0.8999240620915032
163,6379.3,0.9405259967320261
164,6394.4,0.8921080901960785
165,6403.3,0.8892015483660131
166,6520.3,0.9684834647058824
167,6551.4,0.9161453699346405
168,6682.0,0.943833777124183
169,6760.5,0.9159486542483659
170,6762.2,0.8598825947712418
171,6774.0,0.8573220869281046
172,6867.1,0.8924785052287582
173,6920.5,0.9520684411764706
174,6944.7,0.9283918176470588
175,7043.0,0.8425286052287582
176,7164.8,0.8637389640522876
177,7164.8,0.8751677823529412
178,7167.8,0.7849261725490195
179,7272.0,0.8963720751633987
180,7290.9,0.8473999104575164
181,7290.9,0.8549651274509804
182,7318.0,0.9049647300653595
183,7467.8,0.9550996307189543
184,7516.8,0.8918738189542484
185,7516.8,0.8958187477124184
186,7520.2,0.8960516934640523
187,7555.3,0.8584210934640524
188,7565.7,0.9850284921568627
189,7704.5,0.9458519045751634
190,7823.7,0.9112260039215687
191,7874.4,0.9852982352941176
192,7918.8,0.8989832516339868
193,7925.9,0.928641037254902
194,7936.3,0.9811737431372549
195,8146.0,0.9793605784313726
196,8291.6,0.9871678307189542
197,8307.0,0.8486823490196079
198,8436.4,0.8953015359477123
199,8472.7,0.9749524869281047
200,8540.4,0.8823140156862745
201,8543.5,0.8864197529411766
202,8543.5,0.8844363346405228
203,8740.6,0.8763730045751633
204,8764.6,0.9487110411764705
205,8795.0,0.8931284522875818
206,8846.3,0.9722723130718955
207,9090.9,0.9604765483660131
208,9090.9,0.9608476535947713
209,9183.1,0.8484896549019607
210,9237.5,0.8322559039215687
211,9237.5,0.8793694562091503
212,9336.1,0.9380736372549019
213,9336.1,0.9271535274509803
214,9399.5,0.9027922117647059
215,9399.5,0.9018106058823528
216,9442.3,0.9264186895424837
217,9442.3,0.929370997385621
218,9457.1,0.9171157307189542
219,9483.2,0.7854390862745098
220,9491.7,0.9721218006535948
221,9700.8,0.9275567732026143
222,9730.3,0.910537111764706
223,9750.7,0.8610193718954249
224,9754.3,0.9251914568627452
225,9809.1,0.9399576189542485
226,9810.1,0.9168274947712418
227,9828.0,0.951643762745098
228,9904.9,0.9311374954248366
229,9926.5,0.9462896124183007
230,9970.0,0.9782110385620916
231,9970.0,0.9705670888888889
232,9970.0,0.9694614431372549
233,9970.0,0.9757748091503268
234,10081.0,0.9979315352941177
235,10180.6,0.8400995594771242
236,10183.4,0.9070598137254902
237,10253.0,0.9717871777777779
238,10257.0,0.8146503849673203
239,10312.5,0.9598805549019609
240,10405.1,0.8989461098039215
241,10407.2,0.9670175287581699
242,10495.9,0.9408430222222223
243,10562.3,0.8742981052287583
244,10627.2,0.964339445751634
245,10781.8,0.8105944509803922
246,10893.1,0.969467211764706
247,10904.6,0.8856077385620915
248,11128.6,0.8903107843137255
249,11352.0,0.928214320261438
250,11352.0,0.9359598777777777
251,11352.0,0.9298359607843137
252,11355.5,0.8955028869281045
253,11682.8,0.9260430954248366
254,11709.0,0.926241265359477
255,11716.5,0.9072980562091504
256,11738.5,0.9305754450980394
257,11746.1,0.8883648450980391
258,11762.2,0.8737701699346405
259,11975.5,0.9411223986928104
260,11979.7,0.9212754241830066
261,11979.7,0.8425662673202614
262,12056.1,0.8330104379084967
263,12103.8,0.8152903104575163
264,12147.0,0.8618597647058823
265,12147.0,0.8436370032679739
266,12229.9,0.923457114379085
267,12229.9,0.9036991784313726
268,12229.9,0.9232771810457516
269,12292.1,0.909228391503268
270,12292.1,0.9125308058823529
271,12330.2,0.9868770254901962
272,12431.6,0.9410362405228758
273,12431.6,0.9217606084967319
274,12432.5,0.8940746281045752
275,12432.5,0.8895419071895425
276,12432.5,0.8974580163398693
277,12491.7,0.9002336313725491
278,12590.1,0.8655786235294117
279,12616.3,0.9550660575163399
280,12632.8,0.9547562045751634
281,12632.8,1.0717498679738562
282,12656.4,0.9149340790849673
283,12714.7,0.9040927843137255
284,12785.5,0.8854601346405229
285,12828.6,0.9534829862745098
286,12858.9,0.9160832339869281
287,12916.3,1.0148796156862745
288,12925.6,0.8139306045751634
289,12952.4,0.9254527405228758
290,13007.6,0.8561572261437908
291,13042.6,0.8800617392156863
292,13144.5,0.9021579954248367
293,13258.7,0.9181760091503268
294,13421.8,0.9163905529411764
295,13450.9,0.9811850026143791
296,13577.8,0.9669981405228758
297,13666.8,0.8859401797385621
298,13673.0,0.9657936281045751
299,13835.6,0.9191149346405229
300,13844.0,0.9148290751633987
301,13848.3,0.9021780764705883
302,13991.4,0.9947248464052287
303,13996.3,0.9061915006535948
304,14003.5,0.9003518986928104
305,14005.0,0.9241244555555554
306,14197.7,0.9353960751633987
307,14319.3,0.9225651993464052
308,14553.2,0.938722091503268
309,14671.4,0.8903687888888888
310,14690.7,0.9515376816993464
311,14724.8,0.9786240522875816
312,14724.8,0.9699582424836601
313,14724.8,0.972692908496732
314,14736.1,0.9099001320261437
315,14736.1,0.9124704751633987
316,15059.6,0.9228482588235294
317,15157.7,0.9244369398692811
318,15189.6,0.8516931601307189
319,15201.3,0.8173137633986929
320,15494.8,0.955620683006536
321,15494.8,0.9644951274509804
322,15530.0,0.894384631372549
323,15552.7,0.8559980620915033
324,15696.8,0.8968911915032679
325,15705.8,0.9255142254901961
326,15705.8,0.939765616993464
327,15705.8,0.8940848215686275
328,15725.6,0.9841206450980391
329,15725.6,0.9787246444444445
330,15763.2,0.8839260633986927
331,15879.9,0.9558795496732025
332,15917.1,0.8492293215686274
333,15980.1,1.009554108496732
334,16074.3,0.8665059529411764
335,16074.3,0.8773766777777778
336,16337.2,0.9128723052287582
337,16376.0,0.9135732522875818
338,16463.7,0.8700425294117647
339,16535.0,0.8703681359477125
340,16610.4,0.9593208503267974
341,16610.4,0.9605886921568627
342,16662.5,0.9272824509803921
343,16688.2,0.8628146862745099
344,16707.9,0.862967054248366
345,16748.2,0.9026985222222222
346,16776.1,0.9835224352941176
347,16801.6,0.8992123235294118
348,16802.7,0.8869938352941176
349,16802.7,0.8754779444444445
350,16832.8,0.8952393130718954
351,16914.9,0.8737371692810457
352,17144.2,0.8641444549019607
353,17147.0,0.9688262790849673
354,17159.9,0.9264173986928105
355,17217.1,0.8698569647058824
356,17220.8,0.9163303692810457
357,17230.8,0.9722520777777779
358,17299.5,0.8964392503267974
359,17318.4,0.9152739640522876
360,17425.5,0.9181903013071895
361,17479.8,0.9106885777777778
362,17618.8,0.9673901379084967
363,17621.9,0.9134857607843136
364,17621.9,0.9337103790849673
365,17844.1,0.9449969019607843
366,17844.1,0.9000897209150326
367,17934.9,0.9374144183006536
368,17938.9,0.901738348366013
369,17970.5,0.948069768627451
370,17970.5,0.9343456666666667
371,17970.5,0.9208686352941178
372,17991.1,0.8797697732026144
373,17991.1,0.8714725104575163
374,18034.1,0.8929081627450981
375,18216.5,0.8992583941176471
376,18240.6,0.801589077124183
377,18240.6,0.8093034653594772
378,18249.9,0.9633581738562091
379,18249.9,0.864941214379085
380,18314.4,0.8202308352941177
381,18314.4,0.8057046790849673
382,18504.7,0.8709542771241829
383,18592.4,0.9256149143790849
384,18729.3,0.9296642816993465
385,18758.7,0.8793515006535948
386,18758.7,0.8793034614379085
387,18793.7,0.908371779738562
388,18908.6,0.9222216398692811
389,18987.0,0.8611976326797387
390,19042.3,0.954766968627451
391,19090.8,0.85195484248366
392,19111.6,0.9246619810457517
393,19119.3,0.8509636026143792
394,19119.3,0.8936076660130718
395,19273.3,0.8680625522875817
396,19350.9,0.9421454967320261
397,19350.9,0.9342508241830066
398,19433.9,0.9729315758169934
399,19504.6,1.0399007516339869
400,19514.2,0.9714326039215686
401,19631.0,0.917141485620915
402,19646.8,0.873951137254902
403,19827.0,0.9074704934640523
404,19855.3,0.9516932732026144
405,19859.6,0.8640090797385622
406,19859.6,0.8816283254901961
407,19859.6,0.8322760281045751
408,19904.8,0.8529431568627451
409,19904.8,0.8377120294117647
410,19939.9,0.9553413215686274
411,19958.0,0.8999649869281047
412,19980.1,0.9335128758169935
413,19980.1,0.885373383006536
414,20034.9,1.0349640614379085
415,20055.4,0.9521587575163398
416,20148.8,0.8917517529411764
417,20195.6,0.8691520019607843
418,20265.9,0.9132452777777778
419,20301.9,0.9750306784313725
420,20325.5,0.8243055326797386
421,20443.7,0.8559785549019608
422,20502.1,0.8615155013071896
423,20542.3,0.8296901973856209
424,20547.5,0.9140481888888888
425,20616.0,0.8982810261437908
426,20616.0,0.8957494450980392
427,20696.1,0.9545106483660131
428,20882.8,0.9627860326797386
429,20888.0,0.9452542810457517
430,20888.0,0.9494930895424837
431,20990.0,0.9425940705882354
432,21052.1,0.8226051555555556
433,21052.1,0.8084833359477124
434,21089.0,0.855244625490196
435,21091.9,0.8661288032679739
436,21100.2,0.7290237960784314
437,21137.1,0.9093997470588235
438,21171.2,0.8420338098039216
439,21335.1,0.9115977281045751
440,21335.1,0.9469495124183007
441,21335.1,0.9496076921568627
442,21344.3,0.8719825843137254
443,21344.3,0.8356209150326797
444,21645.6,0.9711941071895425
445,21714.1,0.8617689647058823
446,21797.0,0.8829375535947712
447,21949.8,0.9189928764705881
448,21969.6,0.868008060130719
449,21969.6,0.8551233836601306
450,21969.6,0.8819552163398694
451,22008.8,0.8437776751633987
452,22050.4,0.9438342849673202
453,22053.1,0.9211376352941177
454,22134.4,1.0401436673202615
455,22278.0,0.7524663359477124
456,22328.7,0.8956584359477123
457,22426.0,0.8940454568627451
458,22426.4,0.8998311503267975
459,22438.7,0.8900736183006536
460,22438.7,0.8921689457516341
461,22483.6,0.8055353666666667
462,22483.6,0.8018640274509804
463,22483.6,0.8080450575163398
464,22483.6,0.806121439869281
465,22536.9,0.7852130483660131
466,22540.0,0.993092554248366
467,22574.8,0.8858383261437909
468,22574.8,0.9243696124183006
469,22825.6,0.8827449052287581
470,22825.6,0.8852412581699346
471,22825.6,0.8948275797385621
472,22825.6,0.8822588477124184
473,23031.1,0.9773128124183006
474,23031.7,0.9279084039215686
475,23031.7,0.9048116209150328
476,23198.5,0.9345384999999999
477,23304.1,0.9168264339869281
478,23316.2,0.8851165307189542
479,23337.3,0.8358474745098039
480,23364.3,0.8847119718954249
481,23364.3,0.8862403843137255
482,23393.7,0.9179250372549019
483,23404.7,0.8900798516339868
484,23446.2,0.9713470431372548
485,23552.0,0.855293922875817
486,23689.9,0.7987736594771242
487,23722.0,0.8532729503267974
488,23802.0,0.8370779666666667
489,23815.9,0.8732203235294118
490,23815.9,0.8688870052287582
491,23824.8,0.943354333986928
492,24015.9,0.9465813705882353
493,24015.9,0.9614735555555556
494,24205.0,0.8878134588235295
495,24205.0,0.923256008496732
496,24217.4,0.9168200660130719
497,24263.5,0.9618624130718954
498,24379.5,0.8572729928104575
499,24535.6,0.7775443522875817
500,24535.6,0.7762403522875817
501,24550.6,0.898152814379085
502,24749.1,0.8645276594771242
503,24767.1,0.9125802921568626
504,24948.7,0.8850192078431374
505,24985.0,0.8744162111111111
506,25066.5,0.9082699568627451
507,25071.0,0.91831597124183
508,25071.0,0.9125480039215685
509,25071.0,0.9042141366013072
510,25153.0,0.8758464784313725
511,25264.6,0.933387225490196
512,25338.3,0.8836981633986928
513,25338.3,0.8882453032679739
514,25421.1,0.9091155352941176
515,25482.5,0.9263781176470588
516,25497.2,0.956127054248366
517,25501.4,0.8029137320261438
518,25501.4,0.7991965392156862
519,25501.4,0.7926754241830065
520,25558.4,0.9944524359477125
521,25724.6,0.8949063699346406
522,25928.1,0.8848420156862746
523,25928.1,0.8796774320261439
524,25954.9,0.910948922875817
525,26088.7,0.9062912895424837
526,26170.7,0.9124848823529411
527,26190.4,0.9320994091503267
528,26190.4,0.9285920320261438
529,26248.9,0.8881217784313725
530,26309.3,0.8608556509803921
531,26643.2,0.9512128045751634
532,26643.2,0.9098015633986929
533,26700.1,0.9661344013071894
534,26818.7,0.9111106281045751
535,26936.5,0.8608920607843137
536,26957.5,0.8733516359477124
537,27036.9,0.836641988235294
538,27191.7,0.8768390647058824
539,27206.2,0.8687720862745099
540,27206.2,0.867663248366013
541,27300.7,0.8975481758169935
542,27307.2,0.8710672738562092
543,27331.1,0.9737354058823529
544,27331.1,0.9635273320261438
545,27516.0,0.9093586006535949
546,27516.0,0.9132546784313725
547,27541.4,0.8654446790849674
548,27607.5,0.8546057418300654
549,27642.3,0.9071091346405229
550,27809.9,0.878061734640523
551,27809.9,0.8815010470588235
552,27809.9,0.8780547196078432
553,27899.6,0.8776923921568627
554,27910.1,0.9674961908496733
555,27922.1,0.8952799156862746
556,28014.7,0.8715680797385621
557,28094.2,0.9738119725490195
558,28101.8,0.9346162202614379
559,28164.6,0.991298133986928
560,28203.1,0.9053565803921569
561,28296.4,0.8771405581699346
562,28335.4,0.8801853307189543
563,28409.4,0.8952298209150328
564,28409.4,0.8890901189542483
565,28643.5,0.9039557803921567
566,28643.5,0.908604762745098
567,28692.2,0.8777016928104576
568,28742.3,0.9007333954248365
569,28803.8,0.8735759398692811
570,28803.8,0.8680353137254903
571,28807.0,0.9543180934640523
572,29041.1,0.9093292705882353
573,29041.1,0.9011288522875818
574,29041.1,0.9130999522875817
575,29090.1,0.9517454385620915
576,29106.5,0.8833219241830066
577,29172.9,0.9597836862745097
578,29283.7,0.9355748326797385
579,29355.3,0.9152131895424835
580,29359.5,0.9092307692810457
581,29512.0,0.9506136529411764
582,29581.0,0.9274105516339869
583,29601.3,0.8913133640522876
584,29601.5,0.920544971895425
585,29663.1,0.84263812875817
586,29666.1,0.9040520058823529
587,29667.4,0.9233824522875818
588,29686.7,0.9089719078431372
589,29692.6,0.9471056052287582
590,29692.6,0.92721777124183
591,29789.7,0.9220259908496732
592,29855.2,0.927661583006536
593,29885.4,0.9266447117647059
594,29931.6,0.9445921607843137
595,29971.6,0.8408037823529411
596,30025.1,0.9312566209150326
597,30075.7,0.9255526614379086
598,30170.1,0.9186675673202613
599,30248.8,0.9067350522875816
600,30391.4,0.8324322359477124
601,30391.4,0.8694237379084967
602,30396.9,0.8192492738562092
603,30399.1,0.8782220470588235
604,30402.7,0.9148617418300654
605,30476.7,0.9121541196078431
606,30477.8,0.9032139215686275
607,30615.8,0.8418762241830067
608,30615.8,0.8432391163398693
609,30615.8,0.8365637392156863
610,30615.8,0.8311811771241829
611,30633.1,0.9291511424836602
612,30633.1,0.9097837052287581
613,30633.1,0.9215574601307189
614,30636.6,0.9490233640522876
615,30696.9,0.9575510986928105
616,30696.9,0.9550400738562091
617,30754.3,0.9661885032679739
618,30764.5,0.9179315901960785
619,30781.9,0.9381337947712418
620,30805.4,0.9130971457516339
621,30867.3,0.9368027215686274
622,30868.0,0.9757075496732025
623,30915.1,0.9040543803921568
624,31026.3,0.9660535562091503
625,31026.3,0.9645955614379086
626,31030.4,0.8441434163398692
627,31030.7,0.9880499895424837
628,31035.6,0.9169366013071896
629,31144.3,0.9657419372549019
630,31167.8,0.8831393235294118
631,31298.7,0.8847043176470587
632,31324.0,0.9524525980392157
633,31356.5,0.9643469640522876
634,31356.5,0.9641875738562091
635,31375.3,0.9095578078431373
636,31443.6,0.8620610405228758
637,31542.0,0.8670418784313726
638,31649.0,0.906809083006536
639,31658.1,0.7820913313725489
640,31705.8,0.8573428241830064
641,31869.2,0.7791801156862745
642,31896.6,0.8864580039215686
643,31918.8,0.916700394117647
644,31963.9,0.8886336640522875
645,32003.0,0.9913210732026144
646,32043.2,0.9114651594771243
647,32147.6,0.8187355614379085
648,32220.2,0.9646468771241831
649,32220.2,0.960426985620915
650,32479.1,0.9399729869281046
651,32479.1,0.9578627640522875
652,32479.1,0.97082607124183
653,32692.6,0.8696625215686273
654,32873.1,0.8852037496732027
655,32886.7,0.8555470633986928
656,32929.7,0.907522145751634
657,33009.3,0.8937441640522876
658,33153.1,0.8628493450980391
659,33159.8,0.7952498522875817
660,33237.0,0.8156904882352941
661,33541.5,0.9324865450980391
662,33541.5,0.8616154013071896
663,33616.0,0.9227126509803921
664,33616.0,0.9181855673202614
665,33633.7,0.9154841882352941
666,33698.8,0.8787024875816993
667,33753.8,0.8483828294117647
668,33783.3,0.7842119065359477
669,33783.3,0.8653343013071896
670,33932.4,0.9180010535947711
671,33998.6,0.8399722281045752
672,34002.4,0.9022831300653595
673,34257.2,0.9019651418300654
674,34396.1,0.884402483006536
675,34503.4,0.9479057320261437
676,34583.2,0.9638601941176471
677,34596.6,0.9662390673202614
678,34798.7,0.9136563084967321
679,34819.5,0.9759930568627451
680,34853.4,0.8844063418300654
681,34899.6,0.8055084281045751
682,34930.0,0.8790159496732027
683,35034.6,0.904309085620915
684,35063.3,0.8493984607843137
685,35063.3,0.8481491294117646
686,35083.4,0.9220584326797385
687,35095.6,0.8314202274509804
688,35187.5,0.9671956241830065
689,35316.1,0.896715677124183
690,35316.1,0.8962646588235295
691,35316.1,0.8977475555555556
692,35316.1,0.8592691503267973
693,35317.3,0.9596839960784314
694,35342.2,0.8747289333333332
695,35425.4,0.8248319784313726
696,35448.3,0.8492591163398694
697,35449.9,0.8897705607843138
698,35750.7,0.8041482908496732
699,35750.7,0.8038633209150327
700,35750.7,0.8111784575163399
701,35840.9,0.8594554006535947
702,35840.9,0.8582242261437909
703,35859.2,0.9443879339869281
704,35883.9,0.9157309647058824
705,35901.7,0.9174801392156863
706,36223.8,0.7736646941176472
707,36247.5,0.8818396980392157
708,36247.5,0.8832091202614378
709,36300.2,0.9306741882352941
710,36545.9,0.9381073849673203
711,36558.0,0.8318330738562091
712,36596.4,0.9580314424836601
713,36596.4,0.9416308052287581
714,36704.9,0.7973855751633987
715,36721.6,0.8697468143790851
716,36731.2,0.8904056104575163
717,36770.3,0.960926297385621
718,36770.3,0.9629331163398693
719,36875.3,0.8965084640522876
720,37030.3,0.901134334640523
721,37030.3,0.8881534071895424
722,37168.6,0.9026897535947712
723,37223.3,0.9644771052287582
724,37397.9,0.9407345352941175
725,37560.5,0.8851451300653594
726,37606.8,0.8257317607843138
727,37613.6,0.8838490431372549
728,37613.6,0.87955622875817
729,37613.6,0.8815510320261438
730,37652.3,0.8589823784313726
731,37732.7,0.9013694098039216
732,37781.0,0.9175048124183006
733,37781.0,0.9320343183006536
734,37789.5,0.8254504562091504
735,37789.5,0.8270348137254903
736,37821.1,0.9295863856209151
737,37827.5,0.9172658614379084
738,38096.3,0.9067596692810458
739,38229.8,0.9123336071895425
740,38294.2,0.8499737960784314
741,38561.3,0.8410942202614379
742,38573.2,0.9453075307189542
743,38609.2,0.9590668196078431
744,38821.2,0.8200589830065359
745,38821.2,0.816764302614379
746,39037.2,0.8402675869281045
747,39102.8,0.8749865823529412
748,39142.5,0.9434613784313726
749,39142.5,0.8849879673202614
750,39142.5,0.9334680320261438
751,39249.0,0.8112581
752,39345.3,0.8789118856209152
753,39457.2,0.8009963281045751
754,39619.4,0.9512760660130719
755,39621.2,0.8188729104575163
756,39737.5,0.8855812862745098
757,40018.6,0.8288078758169934
758,40104.1,0.9247033130718953
759,40104.1,0.946592479738562
760,40205.0,0.8995222849673203
761,40441.7,0.976326139869281
762,40488.2,0.9714435222222222
763,40719.1,0.8950660366013072
764,40814.7,0.8188338490196079
765,40856.3,0.8550740712418301
766,40928.9,0.782556908496732
767,40928.9,0.7722257346405229
768,41006.9,0.9585031823529411
769,41024.8,0.9485647522875817
770,41077.0,0.942827143137255
771,41210.9,0.8458780986928105
772,41246.9,0.9046675607843137
773,41450.4,0.9110411098039216
774,41461.5,0.831465237254902
775,41537.4,0.8437292320261438
776,41562.8,1.0476782921568628
777,41587.4,0.8630967941176471
778,41750.4,0.9521802797385621
779,41778.5,0.8891061725490196
780,41843.0,0.7813851052287581
781,41867.9,0.8831868
782,41867.9,0.8791688483660132
783,41881.1,0.9449800477124183
784,41931.6,0.7483939660130718
785,42005.9,1.009970848366013
786,42047.4,0.8752992928104575
787,42047.4,0.8587947614379086
788,42076.9,0.8918085169934641
789,42076.9,0.8671465666666667
790,42432.6,0.887523622875817
791,42503.2,0.9152194366013072
792,42504.8,0.921334120261438
793,42519.1,0.8549368705882352
794,42555.8,0.9747862790849673
795,42742.4,0.9109662810457516
796,42742.4,0.9238797385620915
797,42933.8,0.8822222601307189
798,42934.0,0.7860608444444445
799,42978.2,0.8078411176470589
800,42978.2,0.8103155666666666
801,43039.7,0.8807022849673203
802,43048.5,0.9678603169934641
803,43325.3,0.9391281235294118
804,43653.6,0.8927057679738561
805,43777.5,0.8818922411764706
806,44013.7,0.8926324261437909
807,44091.9,0.8916865973856208
808,44145.4,0.7968510594771242
809,44145.7,0.959379811111111
810,44179.5,0.9242629712418301
811,44207.3,0.9053593398692811
812,44265.4,0.8551328385620914
813,44289.9,0.8990294633986927
814,44289.9,0.8823149189542483
815,44289.9,0.9250756183006537
816,44289.9,0.9515660620915033
817,44300.7,0.8648044307189543
818,44471.7,0.9105331751633988
819,44471.7,0.913881605882353
820,44549.0,0.8964352078431372
821,44559.3,0.8941966764705883
822,44571.7,0.8897906078431373
823,44632.3,0.8479506169934641
824,44632.8,0.9430468973856209
825,44764.4,0.8800729294117647
826,44842.8,0.8380163176470589
827,44904.7,0.8468280065359477
828,45031.0,0.9608257045751634
829,45093.9,0.9377272261437908
830,45192.8,0.8953093241830065
831,45192.8,0.8835789130718954
832,45192.8,0.8884268705882353
833,45192.8,0.8954246980392158
834,45228.1,1.0387898869281045
835,45258.5,0.7965727614379084
836,45320.9,0.8477739333333333
837,45320.9,0.8546169934640524
838,45335.1,0.9424160052287581
839,45500.3,1.0038705843137254
840,45502.3,0.9305238287581699
841,45555.3,0.9406718568627451
842,45694.5,0.887063205882353
843,45709.8,0.9257214235294117
844,45826.4,0.8887086594771242
845,45869.7,0.9613356712418301
846,45903.9,0.9195368424836601
847,45936.7,0.8735013980392157
848,45936.7,0.8738598705882353
849,45954.5,0.8754688274509803
850,45955.3,0.9223915928104576
851,45972.1,0.926182171895425
852,45995.6,0.9546446196078431
853,45995.6,0.9375148111111112
854,46168.3,0.9778681986928105
855,46168.3,0.9858815993464052
856,46217.2,0.9359457673202615
857,46294.1,0.8753762705882353
858,46294.1,0.8846236222222222
859,46294.1,0.8818966627450979
860,46296.4,0.9445971908496731
861,46401.7,0.970053662745098
862,46470.0,0.9753054875816994
863,46712.7,0.9229134725490197
864,46790.1,0.8776926856209151
865,46983.1,0.8516244594771243
866,47019.8,0.9970129405228758
867,47348.2,0.8902675653594772
868,47378.8,0.9915327594771243
869,47477.8,0.8505060346405229
870,47703.5,0.8915345666666668
871,47724.4,0.92060627124183
872,47937.1,0.9073346418300653
873,47989.4,0.9723368986928105
874,47989.4,0.970397405882353
875,47989.4,0.9733928215686274
876,48032.0,0.8422695581699347
877,48045.9,1.0057933267973858
878,48220.2,0.9275388986928105
879,48281.6,0.8588364346405228
880,48320.8,0.8831515013071896
881,48338.7,0.9216036777777779
882,48353.2,0.9396339496732027
883,48456.5,0.9042511673202613
884,48469.0,0.8933314653594772
885,48570.3,0.8773803294117648
886,48869.4,0.8720247738562092
887,48869.4,0.8803208725490197
888,48869.4,0.8798582947712419
889,48869.4,0.8763718745098039
890,48977.1,0.8971204281045752
891,48982.0,0.9607186908496733
892,49060.9,0.9577410986928104
893,49089.0,0.8756716137254902
894,49160.8,0.9733407313725491
895,49190.7,0.9076808601307189
896,49194.9,0.8861879986928105
897,49281.9,0.9909860098039215
898,49281.9,0.9933496052287583
899,49281.9,1.0023331784313727
900,49295.5,0.8965391137254901
901,49441.2,0.8197265751633986
902,49465.7,0.840104379738562
903,49502.3,0.8765170516339869
904,49566.1,0.950497511764706
905,49566.1,0.998343094117647
906,49609.7,0.8857133764705882
907,49640.9,0.9738916215686275
908,49879.1,0.8451396333333334
909,49879.1,0.8536997424836601
910,49883.7,0.9122382039215686
911,49883.7,0.9026616281045753
912,49883.7,0.8956539143790849
913,50126.2,0.8875358130718954
914,50423.5,0.8738119679738562
915,50431.2,0.731199162745098
916,50461.8,0.935569668627451
917,50495.7,1.0595475392156863
918,50565.0,0.925697216993464
919,50603.2,0.9126947784313725
920,50723.8,0.8528359098039217
921,50744.2,0.9183696784313726
922,50881.2,0.9255847588235295
923,50889.2,0.8744319045751635
924,51031.1,0.9838467078431372
925,51089.7,0.8757149967320262
926,51089.7,0.883157937254902
927,51089.7,0.8756034346405228
928,51089.7,0.8829148418300654
929,51101.7,0.8637653431372548
930,51223.1,0.924764880392157
931,51297.4,0.9413362379084966
932,51332.3,0.8952329758169935
933,51469.7,0.9081905692810457
934,51549.6,0.9235655758169934
935,51557.4,0.7994980921568627
936,51557.4,0.8051562
937,51609.3,0.976628120261438
938,51639.9,0.8224224084967321
939,51760.0,0.9140048437908498
940,51763.7,0.9661956823529411
941,51793.6,0.9485277941176471
942,51793.6,0.9579787470588235
943,51814.6,0.9381244248366013
944,51850.6,0.8725068856209149
945,51852.5,0.939955639869281
946,51853.8,0.9361653640522876
947,52046.6,0.9339198026143791
948,52070.2,0.9180425620915033
949,52076.6,0.8698682183006535
950,52332.9,0.9101556000000001
951,52362.5,0.9227475954248366
952,52390.6,0.8708326653594771
953,52419.0,0.8767447150326798
954,52419.0,0.8896246392156862
955,52512.0,0.8816038150326798
956,52530.9,0.9448652869281047
957,52530.9,0.9472008300653595
958,52637.9,0.8998269810457517
959,52653.1,0.8987230098039215
960,52741.6,0.7598987509803922
961,52824.7,0.885325662745098
962,52824.7,0.9151069248366013
963,52850.8,0.8480904143790851
964,53000.6,0.9004970385620916
965,53019.6,0.8736128895424837
966,53021.5,0.9473137660130718
967,53034.4,0.9016223673202615
968,53126.9,0.9266154477124183
969,53134.3,0.8649813274509803
970,53208.0,0.8838321581699347
971,53218.1,0.8793269202614379
972,53260.2,0.913754362745098
973,53448.2,0.8724148607843137
974,53622.6,0.8439172111111111
975,53655.2,0.9364014895424837
976,53691.5,0.8857501359477125
977,53694.6,0.9269431947712419
978,53746.4,0.9071855078431372
979,53775.0,0.8895994464052288
980,53814.2,0.8667974738562091
981,54037.0,0.921344016993464
982,54133.1,0.9563615496732026
983,54194.7,0.883320468627451
984,54231.6,0.8117419568627451
985,54319.5,0.9329450803921568
986,54334.8,0.91953394248366
987,54540.2,0.8370676921568628
988,54559.8,0.9413734836601307
989,54704.7,0.8859197424836602
990,54712.4,0.9320564901960785
991,54722.4,0.8525112281045751
992,54722.4,0.8703589816993464
993,54722.4,0.8767290359477125
994,54765.6,0.9742019718954249
995,54891.8,0.8659181862745098
996,55014.8,0.8677356
997,55035.7,0.8792358477124183
998,55073.0,0.9004467679738563
999,55116.3,0.9350713013071895
1000,55142.8,0.8242183679738563
1001,55177.8,0.9216417209150327
1002,55341.8,0.8728728908496731
1003,55343.8,0.8948490967320262
1004,55492.6,0.9442014790849672
1005,55499.9,0.9115427679738562
1006,55558.6,0.9932315222222221
1007,55721.5,0.8677605209150326
1008,55740.9,0.8790922130718954
1009,55829.6,0.9701258516339869
1010,55842.6,0.8588199313725491
1011,55842.6,0.8508743647058824
1012,55842.6,0.853707420261438
1013,55921.2,0.8632783901960785
1014,55934.5,0.9303275281045751
1015,55943.9,0.9087927875816993
1016,55969.5,0.9024535222222223
1017,56080.5,0.8680580588235294
1018,56097.1,0.9289245725490196
1019,56148.2,0.9642838594771241
1020,56178.1,0.8789606522875817
1021,56218.8,0.8948098379084968
1022,56318.8,0.9586719562091504
1023,56373.2,0.9080017254901961
1024,56427.5,0.8712865673202614
1025,56465.3,0.9191986614379084
1026,56507.4,0.8881768045751633
1027,56512.6,0.8876364156862744
1028,56558.4,1.000245868627451
1029,56558.4,0.9998932856209151
1030,56583.0,0.9255852130718955
1031,56650.1,0.8867964777777778
1032,56675.6,0.9208171751633987
1033,56793.1,0.8296319339869281
1034,56793.1,0.8308414464052287
1035,56828.3,0.9089903424836602
1036,56989.1,0.8919880281045752
1037,57055.6,0.9817686568627451
1038,57055.6,0.9846032549019608
1039,57055.6,1.010666282352941
1040,57055.6,0.9939331797385621
1041,57078.5,0.8737303529411765
1042,57098.9,0.8997342777777778
1043,57114.5,0.8998055254901961
1044,57241.9,0.9578319784313725
1045,57261.7,0.9701208372549021
1046,57297.6,0.9137172856209149
1047,57305.8,0.9316646692810457
1048,57409.3,0.9564052777777777
1049,57485.9,0.8215390222222223
1050,57520.5,0.8957944686274509
1051,57533.7,0.8822580483660131
1052,57562.6,0.8957912457516339
1053,57564.3,1.041723102614379
1054,57564.3,1.043836131372549
1055,57577.8,0.9408861241830065
1056,57634.3,0.939517014379085
1057,57682.7,0.9540516823529412
1058,57686.5,0.9336831222222222
1059,57686.5,0.9329438633986927
1060,57743.8,0.938610994117647
1061,57814.2,0.8889508633986929
1062,57892.1,0.7489886686274511
1063,57971.4,0.941578683006536
1064,57987.7,0.7528042692810457
1065,58153.2,0.8783973104575163
1066,58402.2,0.8850217862745099
1067,58402.2,0.8498265150326797
1068,58402.2,0.8900857209150327
1069,58501.0,0.9516715967320262
1070,58501.0,0.9444116078431373
1071,58501.0,0.9299925836601307
1072,58501.0,0.9455668281045752
1073,58515.3,0.8825818862745098
1074,58527.6,0.880593331372549
1075,58611.4,0.9046950993464051
1076,58631.8,0.9350278163398693
1077,58631.8,0.9380285352941176
1078,58631.8,0.9345400673202614
1079,58738.7,0.8362884274509804
1080,58785.4,0.9416564542483661
1081,59027.2,0.9374375470588237
1082,59090.8,0.9215534980392157
1083,59125.2,1.0439837437908497
1084,59125.2,1.0001712385620913
1085,59164.5,0.8986620483660132
1086,59244.7,0.903292211111111
1087,59304.0,0.9091217235294118
1088,59304.0,0.9090657352941176
1089,59435.6,0.8477961078431373
1090,59460.5,0.8651423549019607
1091,59487.9,0.882563025490196
1092,59560.8,1.013964631372549
1093,59577.0,0.9533961215686274
1094,59675.1,0.8984446339869281
1095,59784.3,0.8117057437908497
1096,59912.9,0.841695685620915
1097,59912.9,0.8678540169934641
1098,59920.5,0.9265040084967321
1099,59965.0,1.018181562745098
1100,59965.0,1.0231842941176472
1101,60017.7,0.9558724117647059
1102,60160.2,0.8994450980392158
1103,60175.8,0.8655172307189541
1104,60175.8,0.8695129039215687
1105,60177.6,0.9073673895424836
1106,60240.2,0.8316007137254903
1107,60319.4,0.8736159130718955
1108,60464.7,0.8726916163398694
1109,60475.6,0.9336456575163399
1110,60530.5,0.896979474509804
1111,60530.5,0.8984486294117647
1112,60530.5,0.9014754176470589
1113,60646.4,0.9491180660130719
1114,60674.2,0.9175143052287582
1115,60694.0,0.8508552477124183
1116,60694.0,0.8459150666666666
1117,60762.9,0.6957921562091504
1118,60762.9,0.8092057196078432
1119,60762.9,0.8574384803921569
1120,60762.9,0.8256516281045752
1121,60784.9,0.8889037320261438
1122,60784.9,0.8774369450980392
1123,60801.0,0.8726276000000001
1124,60801.0,0.8453911052287582
1125,60891.2,0.9471858745098038
1126,61036.1,0.936013545751634
1127,61036.1,0.9396290117647059
1128,61161.9,0.908704914379085
1129,61161.9,0.906250660130719
1130,61420.8,0.9401072392156863
1131,61423.7,0.8502520470588236
1132,61423.7,0.8503403202614379
1133,61423.7,0.8708629006535947
1134,61639.3,0.8671971065359477
1135,61734.8,0.8934808581699346
1136,61853.6,0.9093101150326797
1137,61882.1,0.9290570444444445
1138,61906.1,0.75314597124183
1139,62049.3,0.8897382039215687
1140,62122.1,0.8153590287581699
1141,62239.0,0.8938745869281046
1142,62247.2,0.9083912450980391
1143,62312.1,0.8943119980392156
1144,62399.4,0.8675402503267974
1145,62492.1,0.8687865960784313
1146,62710.6,1.0930622732026145
1147,62710.6,1.0513688620915032
1148,62710.6,0.963135485620915
1149,62813.2,0.934700983006536
1150,62840.8,0.914466843137255
1151,62900.0,0.913040279738562
1152,62908.0,0.8357625614379085
1153,62908.0,0.8673862705882353
1154,62982.2,0.8919415339869281
1155,62986.8,0.9048716137254903
1156,63045.8,0.9227983535947712
1157,63045.8,0.9275033424836601
1158,63399.8,0.9335405045751635
1159,63468.5,0.9002553784313725
1160,63493.9,0.8765764810457517
1161,63542.8,0.8514400869281046
1162,63610.9,0.9319800777777778
1163,63646.5,0.8978496653594771
1164,63646.5,0.8666039477124183
1165,63646.5,0.8722140065359477
1166,63753.7,0.8921676320261438
1167,63755.8,0.8636814928104576
1168,63893.1,0.8542547516339869
1169,63904.4,0.9520788307189542
1170,64000.1,0.9271606490196078
1171,64013.7,0.8537755640522876
1172,64075.2,0.8791609058823528
1173,64255.6,0.9002641928104574
1174,64276.1,0.8848070098039216
1175,64326.6,0.8956834843137256
1176,64404.9,0.8963506346405229
1177,64520.0,0.8363385954248366
1178,64607.1,0.9775815117647059
1179,64717.4,0.9609353967320262
1180,65172.6,0.8593561189542485
1181,65463.6,0.909975465359477
1182,65698.4,0.8490042633986928
1183,65768.4,0.8766355457516339
1184,65769.1,0.8450347163398693
1185,65795.5,0.8866622450980393
1186,65795.5,0.8649093601307188
1187,65808.1,0.8914801477124183
1188,65926.4,0.8013804405228758
1189,66007.9,0.9604020150326797
1190,66007.9,0.9055717555555556
1191,66007.9,0.9759529803921569
1192,66096.2,0.8994375183006535
1193,66107.6,0.8670203405228758
1194,66110.7,0.9258469869281045
1195,66110.7,0.9023535699346406
1196,66110.7,0.905642537254902
1197,66127.8,0.7807140614379084
1198,66439.2,0.9555735516339869
1199,66546.6,0.8051693013071896
1200,66708.7,0.9480941477124182
1201,66854.7,0.875627060130719
1202,66854.7,0.903819377124183
1203,67019.7,0.8596414052287582
1204,67179.8,0.9303593849673203
1205,67303.0,0.9230956294117648
1206,67345.0,0.8677604490196079
1207,67358.6,0.9584663980392156
1208,67526.5,0.8493593647058824
1209,67659.3,0.869251622875817
1210,67758.0,0.8245997699346405
1211,67788.5,0.9238851666666668
1212,67943.2,0.9573644607843138
1213,68004.6,0.8597983934640523
1214,68032.7,0.9622649137254902
1215,68251.1,0.8740507934640523
1216,68360.2,0.9644523908496733
1217,68401.9,0.8799084745098039
1218,68411.9,0.8801562019607843
1219,68746.4,0.8373719183006537
1220,68746.4,0.8269544803921568
1221,68750.7,0.8704056222222223
1222,68750.7,0.8683379202614379
1223,68796.5,0.9514624758169935
1224,68858.9,0.8863684522875817
1225,68982.2,0.9287057751633987
1226,69271.3,0.8603308320261439
1227,69286.4,0.9064363209150328
1228,69380.9,0.907856685620915
1229,69384.0,0.9317010901960785
1230,69445.2,0.778523368627451
1231,69445.2,0.8330325196078431
1232,69471.5,0.9042423901960783
1233,69502.0,0.9181418379084968
1234,69655.9,0.9002889450980393
1235,69655.9,0.9066429130718955
1236,69661.5,0.8784526522875817
1237,69801.1,0.9263753535947713
1238,70140.3,0.8426961738562091
1239,70242.8,0.8905117215686275
1240,70537.1,0.8863661549019608
1241,70588.7,0.9106487614379085
1242,70688.6,0.9294633836601307
1243,70780.4,0.9003779915032679
1244,70780.4,0.9177473535947712
1245,70809.3,0.8681653196078432
1246,70809.3,0.8645469915032679
1247,70938.0,0.9118570738562092
1248,71005.0,0.9219035764705883
1249,71016.3,0.9594263901960783
1250,71041.5,0.9268200692810458
1251,71069.2,0.8379848705882353
1252,71167.0,0.8889563039215685
1253,71181.8,0.9174718052287582
1254,71181.8,0.9243700888888889
1255,71181.8,0.922761697385621
1256,71624.3,0.8645249627450979
1257,71789.3,0.8877174163398693
1258,71811.5,0.8810307947712419
1259,71964.8,0.9369509183006536
1260,72038.5,0.9239243777777777
1261,72092.3,0.8292041346405229
1262,72121.9,0.9512417594771242
1263,72281.5,0.9321203686274511
1264,72395.9,0.8334754032679739
1265,72439.5,0.7428107673202615
1266,72582.9,0.8799485222222223
1267,72587.0,0.927610562745098
1268,72634.2,0.8825616516339869
1269,73033.1,0.8852678542483661
1270,73181.9,0.9413377594771243
1271,73215.3,0.8847317516339869
1272,73436.5,0.858517697385621
1273,73436.5,0.8586711294117647
1274,73436.5,0.8593675176470589
1275,73488.0,0.9691055464052288
1276,73636.9,0.8339637751633987
1277,73642.5,0.9190917222222222
1278,73884.7,0.8776265457516339
1279,74208.1,0.9307448718954249
1280,74208.1,0.9167318888888888
1281,74409.7,0.8314106751633986
1282,74454.3,0.8678922535947712
1283,74454.3,0.8777893006535947
1284,74482.0,0.8999814424836602
1285,74806.1,0.8743061254901962
1286,74848.8,0.8799462444444445
1287,74917.3,0.9445536424836601
1288,75335.2,0.88652692875817
1289,75372.0,0.8724652490196079
1290,75372.0,0.8789248666666666
1291,75372.0,0.8683016183006537
1292,75479.5,0.9052993627450981
1293,75610.8,0.8816179091503268
1294,75610.8,0.8193238895424836
1295,75973.3,0.8561365666666667
1296,76058.8,0.9484342973856209
1297,76131.9,0.902764039869281
1298,76398.5,0.9585171150326798
1299,76693.8,0.8600685496732026
1300,76693.8,0.8549061751633986
1301,76703.9,0.9825117503267975
1302,76741.0,0.9388571385620915
1303,76784.0,0.8346036444444445
1304,76867.8,0.8453205692810457
1305,76867.8,0.8577129098039215
1306,76867.8,0.8639753477124182
1307,76957.8,0.8802499503267973
1308,77082.6,0.9640912816993463
1309,77299.8,0.8845045732026144
1310,77469.3,0.8974376071895425
1311,77469.3,0.8979203679738562
1312,77648.1,0.928871539869281
1313,77704.6,0.9158083156862744
1314,78481.9,0.9134539385620914
1315,78481.9,0.9109689581699346
1316,78554.8,0.9802719594771242
1317,79049.2,0.972137183006536
1318,79257.4,0.869112820261438
1319,79257.4,0.8675173176470589
1320,79398.9,0.89916012875817
1321,79449.8,0.8932374104575164
1322,79449.8,0.9083388588235294
1323,79449.8,0.8633723699346406
1324,79719.0,0.8221296333333333
1325,80053.9,0.9216892908496732
1326,80634.1,0.8562541934640522
1327,80634.1,0.8235281803921569
1328,80634.1,0.8530348764705883
1329,80634.1,0.8517023006535948
1330,80703.1,0.945251351633987
1331,80718.8,0.8208907346405229
1332,81086.8,0.8654609130718954
1333,81172.3,0.7924611516339869
1334,81269.8,0.8897956281045751
1335,81356.8,0.8854603104575163
1336,81365.5,0.9242636274509805
1337,81541.8,0.9703526888888888
1338,81547.2,0.9024593202614379
1339,81728.3,0.9236667189542485
1340,82297.3,0.8728397228758169
1341,82547.6,0.9384011849673203
1342,82547.6,0.9326614183006535
1343,82664.3,0.9357381673202615
1344,82794.9,1.044783883006536
1345,82990.4,0.8590217790849674
1346,83102.5,0.9311354222222221
1347,83113.7,0.9547710967320261
1348,83226.5,0.8664924150326797
1349,83339.8,0.8318167718954248
1350,83535.3,0.8595663509803921
1351,83661.2,0.9672372653594771
1352,83698.2,0.9022747215686275
1353,83774.9,0.8599227189542483
1354,83878.8,0.9106235209150326
1355,84192.3,0.8028568431372549
1356,84192.3,0.8169994555555555
1357,84208.6,0.994641683006536
1358,84271.4,0.8966099712418302
1359,84432.2,0.888682979738562
1360,84874.4,0.8743488176470589
1361,84908.9,0.8648591464052287
1362,84975.0,0.8580419692810457
1363,84975.0,0.8350011836601308
1364,84975.0,0.8493868562091503
1365,85048.1,0.9489161392156863
1366,85462.7,0.9352059535947713
1367,85538.3,1.0552274673202615
1368,85583.0,0.9028544640522875
1369,85749.5,0.9366973379084967
1370,85777.7,0.82488217124183
1371,85858.9,0.931086045751634
1372,85968.1,0.8834710588235295
1373,86009.9,0.9241057032679738
1374,86009.9,0.9363159869281046
1375,86020.9,0.9357266052287581
1376,86062.7,0.8539546032679738
1377,86104.5,0.8817032575163399
1378,86231.4,0.9308255163398692
1379,86231.4,0.9287841477124182
1380,86287.6,0.9281789535947713
1381,86472.5,0.9632125124183006
1382,86472.5,0.9359758843137255
1383,86489.2,0.8783476104575163
1384,86560.7,0.9335566045751633
1385,86563.1,0.9226214405228759
1386,86611.3,0.8272837019607843
1387,86667.6,0.8430811816993463
1388,86929.4,0.8486074758169935
1389,87082.9,0.8282455849673203
1390,87119.7,0.9304257810457516
1391,87355.5,0.8826285908496732
1392,87365.5,0.9608086385620915
1393,87450.4,0.9642462647058823
1394,87551.0,0.8427662241830066
1395,87656.5,0.8848016352941176
1396,87744.6,0.8684497189542484
1397,88285.7,0.8696380267973857
1398,88301.0,0.8053060999999999
1399,88316.6,0.7239373333333333
1400,88402.0,0.8477561503267974
1401,88410.9,0.9893814450980392
1402,88533.7,0.929753948366013
1403,88533.7,0.9390154725490196
1404,88680.8,0.880750822875817
1405,88715.5,0.9248273986928105
1406,88824.2,0.8248495928104576
1407,89086.7,0.8832755150326799
1408,89300.8,0.8566532359477125
1409,89320.7,0.8874601294117648
1410,89382.5,0.8986072986928104
1411,89540.2,0.8740877653594772
1412,89650.9,0.9206357450980392
1413,89707.0,0.8680693241830064
1414,89707.0,0.8625705091503268
1415,89738.8,0.9263661019607843
1416,90083.7,0.8148310588235294
1417,90151.7,0.916714451633987
1418,90413.8,0.9101376326797387
1419,90456.7,0.883093745751634
1420,90486.2,0.8046112633986928
1421,90535.4,0.9380888640522876
1422,90867.3,0.8510454549019608
1423,90951.9,0.8867526071895425
1424,90955.7,0.960398954248366
1425,91046.6,0.8332389967320262
1426,91096.9,0.9094125594771241
1427,91334.4,0.857049783006536
1428,91469.6,0.8772521555555555
1429,91522.5,0.8069120588235293
1430,91612.4,0.8534336006535946
1431,91824.1,0.8898986143790849
1432,91896.8,0.8510309235294118
1433,91951.6,0.8617982183006535
1434,92019.7,0.7948796503267974
1435,92160.6,0.8676128588235295
1436,92224.0,0.9248278274509804
1437,92243.6,0.9301906320261438
1438,92258.0,0.8409730601307189
1439,92258.0,0.853338268627451
1440,92258.0,0.8659053666666666
1441,92258.0,0.8771208816993463
1442,92431.2,0.8416899575163398
1443,92459.0,0.8354559241830065
1444,92530.8,0.8320837490196078
1445,92992.4,0.8761468614379085
1446,93094.1,0.8554064588235295
1447,93480.1,0.9486031679738562
1448,93495.0,0.858574477124183
1449,93644.8,0.8611533346405228
1450,93712.4,0.9501129797385621
1451,93852.3,0.8344198300653595
1452,93852.3,0.8588671346405229
1453,93927.0,0.9080297222222222
1454,94181.5,0.8832171738562091
1455,94222.0,0.7661586529411765
1456,94222.0,0.7759133699346406
1457,94263.2,0.9191684398692811
1458,94263.2,0.9163626098039216
1459,94334.7,0.8750724398692811
1460,94344.6,0.9301263594771243
1461,94363.0,0.9263335810457517
1462,94382.6,0.917055143137255
1463,94521.1,0.8301823869281045
1464,94536.4,0.8578146614379084
1465,94598.5,0.9048085901960784
1466,94621.8,0.9104401444444445
1467,94704.5,1.020697794771242
1468,94993.7,0.8998142960784313
1469,95111.2,0.9040006039215687
1470,95174.3,0.9386934156862745
1471,95290.5,1.0428717901960785
1472,95612.7,0.9180912823529412
1473,95653.7,0.9067152875816994
1474,95664.7,0.8464008333333333
1475,95896.4,0.8818439183006537
1476,95944.4,0.8969659437908496
1477,96011.3,0.9478643424836602
1478,96096.0,0.9102442000000001
1479,96149.4,0.9258954411764706
1480,96417.8,0.888336883006536
1481,96441.4,0.8183343692810457
1482,96481.0,0.9282257581699347
1483,96501.3,0.9008081464052288
1484,96550.3,0.849410565359477
1485,96590.8,0.874006822875817
1486,96590.8,0.8721423450980391
1487,96669.2,0.9183602869281046
1488,96878.1,0.8460082137254901
1489,96931.1,0.9303326215686274
1490,96986.6,0.9158463254901961
1491,97045.1,0.8541280928104575
1492,97045.1,0.8470841169934641
1493,97071.6,0.8849936098039216
1494,97197.8,0.8994345607843137
1495,97249.7,0.9009090202614378
1496,97249.7,0.916710511764706
1497,97438.3,0.8822742967320262
1498,97547.0,0.9652965019607843
1499,97574.7,0.846186514379085
1500,97799.0,0.9398859764705881
1501,98035.1,0.7867967039215686
1502,98036.5,0.8638379450980391
1503,98040.8,0.9020780522875818
1504,98041.1,0.924841397385621
1505,98287.6,0.8210257529411765
1506,98363.1,0.8564714562091504
1507,98419.0,0.9190757130718954
1508,98522.8,0.8737895810457517
1509,98522.8,0.8719700986928105
1510,98557.7,0.9100526509803921
1511,98557.7,0.9154629555555555
1512,98639.1,0.862619849019608
1513,98643.4,0.8734901183006536
1514,98680.4,0.8871111725490195
1515,98951.0,0.9382294581699345
1516,98952.1,0.903229634640523
1517,98988.6,0.8452781830065359
1518,99492.8,0.8937349869281046
1519,99581.9,0.8811690222222223
1520,99687.9,0.8776171568627452
1521,99795.7,0.8526756372549019
1522,99795.7,0.8586142699346405
1523,99897.8,0.8542717320261438
1524,99981.8,0.9076196653594771
1525,100087.5,0.8606238366013071
1526,100172.7,0.9081656751633986
1527,100253.5,0.8996250477124184
1528,100492.6,0.8662704248366013
1529,100556.1,0.8875067790849673
1530,100765.1,0.859521283006536
1531,100768.4,0.8984959150326798
1532,100817.9,0.8630789653594771
1533,100940.3,0.9125008183006535
1534,101129.9,0.866134820261438
1535,101253.6,0.8857478104575164
1536,101318.7,0.9132090424836601
1537,101661.7,0.8490287359477124
1538,101691.1,0.9265479875816993
1539,101801.1,0.8151037470588236
1540,101871.0,0.8028132300653594
1541,101912.5,0.857374834640523
1542,101941.8,0.8156803163398693
1543,102055.8,0.9886984980392156
1544,102058.6,0.8881077
1545,102138.7,0.8846052032679738
1546,102358.6,0.8941491496732027
1547,102449.4,0.9370391183006536
1548,102525.6,0.8503255150326797
1549,102525.6,0.8522830431372549
1550,102560.4,0.8825292183006537
1551,102560.4,0.8826065666666666
1552,102647.0,0.9285986901960784
1553,102676.6,0.9171129816993463
1554,102806.1,0.8743323156862746
1555,102806.1,0.8705527555555554
1556,102806.1,0.8710562032679738
1557,102806.1,0.8780449934640522
1558,102843.0,0.8743274934640524
1559,102843.0,0.8820649045751634
1560,103063.7,0.8995338529411765
1561,103136.9,0.8836681130718953
1562,103562.1,0.8588949490196078
1563,103590.0,0.8842851444444444
1564,103644.2,0.8022991267973856
1565,103802.2,0.9081424254901961
1566,103836.5,0.8952698810457517
1567,103855.7,0.8591130019607843
1568,103917.3,0.8780906437908497
1569,103940.7,0.8831023967320261
1570,103940.7,0.8941825274509805
1571,103957.0,0.9083632607843137
1572,103965.7,0.8627373281045752
1573,104090.7,0.8305096176470588
1574,104120.0,0.8946778137254902
1575,104121.7,0.9056558222222222
1576,104121.7,0.9165220705882352
1577,104202.1,0.8881405281045751
1578,104220.1,0.8938982078431373
1579,104231.9,0.8624067398692811
1580,104368.6,0.8727696503267974
1581,104368.6,0.8443077281045751
1582,104545.7,0.9018298758169935
1583,104571.5,0.7836611483660131
1584,104670.4,0.8761173856209151
1585,104692.5,0.7898641470588236
1586,104850.7,0.8626806758169934
1587,104851.0,0.8741400019607843
1588,105027.8,0.8782429875816994
1589,105033.0,0.9331555437908498
1590,105033.0,0.9218451215686274
1591,105033.0,0.9092903490196078
1592,105083.4,0.8048973738562092
1593,105322.2,0.9218323300653595
1594,105473.3,0.903114508496732
1595,105550.9,0.8720220477124182
1596,105564.6,0.8798753274509804
1597,105569.2,0.8924386673202613
1598,105578.3,0.8583285379084967
1599,105626.2,0.9190012156862746
1600,105751.5,0.8449587934640523
1601,105834.4,1.0161529705882353
1602,105837.9,0.9076631875816993
1603,105915.7,0.9150752830065361
1604,105945.9,0.8827882581699348
1605,106276.5,0.8743696790849673
1606,106385.2,0.8891254993464053
1607,106550.0,0.870924908496732
1608,106596.1,0.9081687444444444
1609,106599.3,0.9203666568627452
1610,106600.4,0.844510191503268
1611,106644.8,0.8327024640522875
1612,106665.0,0.7849790908496732
1613,106897.8,0.9142963098039216
1614,107194.3,0.8966314287581699
1615,107208.5,0.9276316849673202
1616,107363.2,0.894101783006536
1617,107467.3,0.9102581823529411
1618,107539.8,0.8403404555555555
1619,107618.7,0.8879096588235295
1620,107678.7,0.8872556993464052
1621,107865.8,0.9527327836601307
1622,107865.8,0.9520756019607844
1623,108094.2,0.9647353418300654
1624,108102.9,0.8632618477124183
1625,108102.9,0.8541683339869282
1626,108140.4,0.8817704241830066
1627,108167.5,0.9240119281045752
1628,108363.8,0.8681793241830065
1629,108540.0,0.9067407849673204
1630,108563.5,0.9072913954248366
1631,108563.5,0.8867864810457516
1632,108563.5,0.919341683006536
1633,108690.4,0.8299795692810457
1634,108786.9,0.9150441535947712
1635,108994.9,0.9077899352941177
1636,109252.7,0.8838275542483661
1637,109517.0,0.8792145509803921
1638,109658.5,0.9134333921568628
1639,109691.9,0.8603928032679738
1640,109734.7,0.9496696156862745
1641,110050.7,0.9488360366013072
1642,110117.1,0.8142411790849673
1643,110308.0,0.8819842464052287
1644,110406.3,0.9344511830065361
1645,110611.5,0.8760365823529412
1646,110677.1,0.9421745196078432
1647,110729.1,0.9042347183006537
1648,110870.4,0.9053801366013071
1649,111079.2,0.8836863346405229
1650,111149.1,0.8927186313725489
1651,111149.1,0.8927282104575164
1652,111206.1,0.917639860130719
1653,111235.2,0.8875937405228759
1654,111280.9,0.8682078895424837
1655,111352.4,0.9504487111111111
1656,111397.6,0.9295158307189543
1657,111571.0,0.8616232307189543
1658,111591.1,0.8603731601307189
1659,111609.4,0.8712502143790849
1660,111721.5,0.9236595032679739
1661,111813.3,0.8749253503267974
1662,111862.7,0.7865064058823529
1663,112278.3,0.9626691686274509
1664,112313.2,0.847941394117647
1665,112619.9,0.8766460908496732
1666,112942.1,1.0639717098039216
1667,112942.1,0.8759011209150326
1668,113201.1,0.7961922895424837
1669,113376.9,0.8543580450980393
1670,113486.6,0.9081138666666667
1671,113490.6,0.8890988653594772
1672,113537.9,0.834974145751634
1673,113545.1,0.9669931418300652
1674,113545.1,0.8796099215686275
1675,113607.8,0.947147088235294
1676,113671.1,0.8686782444444444
1677,113671.1,0.865959362745098
1678,113725.9,0.8229306934640523
1679,113770.7,0.8507448026143791
1680,113841.2,0.8888571313725491
1681,113985.1,0.8967825660130719
1682,114087.5,0.8918959980392157
1683,114092.0,0.8863666418300654
1684,114162.5,0.8556076588235295
1685,114180.1,0.93566862875817
1686,114304.4,0.8757462522875817
1687,114356.7,0.8915358895424836
1688,114474.9,0.888290777124183
1689,114505.3,0.8862815117647059
1690,114595.7,0.8391244052287581
1691,114600.5,0.9031805078431373
1692,114600.5,0.9718181522875817
1693,114712.2,0.8689563947712418
1694,114835.9,0.9345505464052287
1695,115052.2,0.9384125339869281
1696,115103.8,0.8895909287581699
1697,115378.4,0.8706690104575162
1698,115399.5,0.9119308960784314
1699,115653.1,0.8619065823529413
1700,115653.1,0.8944807215686275
1701,115708.7,0.8355340960784313
1702,115718.4,0.8889878993464052
1703,115721.9,0.8819326431372548
1704,115796.6,0.9114561294117648
1705,115936.9,0.8975752078431373
1706,116004.7,0.8821153771241831
1707,116041.1,0.9210870843137254
1708,116041.1,0.9242682450980392
1709,116041.1,0.8914077921568628
1710,116187.6,0.8644659150326797
1711,116204.3,0.8394398679738562
1712,116557.1,0.8740949732026143
1713,116720.0,0.9026214555555556
1714,117036.5,0.904712245751634
1715,117239.3,0.8503238444444443
1716,117332.2,0.9112670405228758
1717,117396.2,0.9353136725490196
1718,117545.3,0.8754205307189542
1719,117627.1,0.8832323405228757
1720,117649.3,0.9012007202614378
1721,117649.3,0.8720789784313726
1722,117822.4,0.8678362477124183
1723,117894.9,0.875853556862745
1724,117894.9,0.8824166261437908
1725,117925.2,0.8979058483660132
1726,117966.8,0.9179922581699347
1727,118136.4,0.9024602248366014
1728,118163.9,0.8827199156862745
1729,118187.1,0.8913438169934641
1730,118432.6,0.9057227509803922
1731,118451.0,0.9421298993464053
1732,118529.3,0.8747628620915033
1733,118894.8,0.895133460130719
1734,118929.7,0.8860901254901962
1735,119170.3,0.9234167405228758
1736,119242.8,0.9543868091503268
1737,119589.7,0.9082115490196079
1738,119589.7,0.9104613385620914
1739,119767.1,0.9075896875816992
1740,119827.9,0.7640759281045751
1741,119885.3,0.8862247535947714
1742,119894.1,0.9178181555555556
1743,119906.8,0.9193142045751634
1744,119915.8,0.8746627254901961
1745,120032.6,0.8766904058823529
1746,120084.1,0.907862056862745
1747,120360.6,0.8714947254901961
1748,120531.6,0.7663819281045752
1749,120590.7,0.8753069535947713
1750,120790.8,0.9013235790849674
1751,120883.0,0.9744043098039216
1752,120896.3,0.960527231372549
1753,121085.2,0.889551079738562
1754,121085.2,0.920923368627451
1755,121085.2,0.7897548209150327
1756,121085.2,0.8778995156862746
1757,121248.1,0.8657800960784314
1758,121350.3,0.8110833522875817
1759,121350.3,0.8302884653594771
1760,121654.0,0.8471988941176471
1761,121686.1,0.9003995960784315
1762,121686.1,0.8922841464052288
1763,121709.7,0.9052989333333332
1764,121990.5,0.955310148366013
1765,121990.5,0.9591130882352942
1766,121990.5,0.9737430464052287
1767,121990.5,0.9517418019607843
1768,122066.5,0.9146657797385621
1769,122112.8,0.9017644620915033
1770,122112.8,0.8668377424836602
1771,122303.2,0.8863876320261438
1772,122574.5,0.8902577633986928
1773,122653.1,0.8053232411764706
1774,122730.4,0.8755547993464052
1775,122730.4,0.8555975725490196
1776,123012.0,0.8926290620915033
1777,123149.6,0.9015978594771241
1778,123182.3,0.9259804810457516
1779,123216.6,0.8565284352941177
1780,123218.0,0.9451801607843138
1781,123302.2,0.8832752281045751
1782,123514.8,0.9231250163398692
1783,123514.8,0.927635560130719
1784,123520.4,0.8914943758169934
1785,123578.9,0.7956843614379085
1786,123578.9,0.8200972163398692
1787,123660.9,0.8981405509803922
1788,123660.9,0.934245383006536
1789,123695.4,0.8758902281045752
1790,123695.4,0.8701343895424836
1791,123804.8,0.8688288287581699
1792,123851.1,0.957768916993464
1793,123851.1,0.9574231967320261
1794,123982.9,0.9042404405228758
1795,123990.9,0.9283763647058825
1796,124230.5,0.9224261379084967
1797,124346.5,0.9448798398692811
1798,124389.5,0.8691808372549019
1799,124407.9,0.8793965928104576
1800,124415.7,0.9351946692810457
1801,124415.7,0.9337965686274511
1802,124415.7,0.9371185954248366
1803,124420.7,0.8584670398692811
1804,124420.7,0.8760453379084967
1805,124516.4,0.9071042843137255
1806,124585.6,0.8707934111111112
1807,124661.6,0.8755700712418301
1808,124676.6,0.8798191640522876
1809,124676.6,0.8477603908496733
1810,124746.1,0.908170574509804
1811,124762.1,0.8878288281045752
1812,125133.3,0.9377560385620916
1813,125411.5,0.9301539908496731
1814,125426.1,0.8960898254901961
1815,125426.1,0.8854776352941176
1816,125569.5,0.7995269385620916
1817,125775.1,0.883706654248366
1818,126138.8,0.9119120241830067
1819,126138.8,0.9067121980392155
1820,126453.8,0.8739377065359477
1821,126618.3,0.9139173529411764
1822,126645.9,0.8637816183006536
1823,126687.4,0.9020941176470588
1824,126711.4,0.7918966130718954
1825,126711.4,0.8072452954248366
1826,126915.1,0.9054275601307189
1827,126962.9,0.8433684156862745
1828,127121.3,0.8362707202614379
1829,127121.3,0.8423700065359477
1830,127121.3,0.8532483934640523
1831,127156.0,0.9308824849673203
1832,127272.8,0.8920677568627452
1833,127385.8,0.8736390849673202
1834,127564.5,0.8624785248366014
1835,127644.0,0.8786562261437908
1836,127702.9,0.8680555222222222
1837,127893.0,0.8614000437908496
1838,127969.0,0.8587490359477123
1839,128011.5,0.8577224738562091
1840,128055.5,0.8531635764705883
1841,128309.4,0.8795954849673202
1842,128354.7,0.8998530411764707
1843,128372.5,0.9262326006535947
1844,128588.1,0.885437039869281
1845,128816.7,0.8604462601307189
1846,128942.4,0.8295703679738562
1847,128944.6,0.8534765196078431
1848,129002.2,0.9042301882352942
1849,129084.6,0.900398751633987
1850,129160.8,0.8755196562091504
1851,129187.0,0.8909097699346405
1852,129270.5,0.9304094647058824
1853,129445.0,0.8748562803921568
1854,129448.7,0.8851291326797386
1855,129480.0,0.8885707392156863
1856,129638.2,0.9549082529411764
1857,129638.2,0.8766772960784314
1858,129641.6,0.8663031620915033
1859,129693.9,0.8987743960784313
1860,129706.1,0.8884868281045751
1861,129819.0,0.8988216346405229
1862,129878.8,0.9564960333333333
1863,129897.9,0.8675335320261438
1864,129902.7,0.8596151614379086
1865,129906.2,0.9226547751633987
1866,130187.4,0.8846242620915032
1867,130290.3,0.8694408431372549
1868,130464.7,0.8396028549019608
1869,130519.0,0.8725977379084967
1870,130607.3,0.8336111464052287
1871,130642.3,0.8771853535947712
1872,130788.2,0.8642747960784314
1873,130788.2,0.8689427287581699
1874,130926.9,0.8100497921568628
1875,130961.2,0.7815640418300653
1876,131117.2,0.898173131372549
1877,131230.7,0.858437262745098
1878,131333.5,0.9178125352941177
1879,131506.3,0.8798347006535947
1880,131587.2,0.8742142522875818
1881,131619.1,0.9073568019607843
1882,131619.1,0.8881164156862744
1883,131665.1,0.9420200653594772
1884,131665.1,0.9381549189542483
1885,131734.8,0.9418040888888888
1886,131767.9,0.9269117901960784
1887,131784.6,0.9030268169934641
1888,131820.0,0.762886585620915
1889,131822.0,0.8718848444444444
1890,131973.5,0.8475856098039216
1891,132003.0,0.8992751986928105
1892,132040.6,0.9269206941176471
1893,132042.7,0.9060777633986928
1894,132054.1,0.9759702490196079
1895,132059.2,0.9118186071895424
1896,132185.7,0.8645353503267974
1897,132307.2,0.9288626470588235
1898,132308.6,0.9097007862745098
1899,132312.1,0.8923052013071896
1900,132387.9,0.8830714947712417
1901,132482.7,0.956906977124183
1902,132590.2,0.9043852091503268
1903,132662.2,0.8942683712418301
1904,132669.7,0.8892034228758169
1905,132761.3,0.8913697614379085
1906,132772.2,0.8608942032679738
1907,132803.0,0.9109957209150327
1908,132830.9,0.8502199633986928
1909,132830.9,0.8603499098039217
1910,132902.9,0.8404501823529412
1911,132992.0,0.9138424392156862
1912,132992.0,0.9141267084967319
1913,132992.0,0.9097269947712417
1914,132992.0,0.9740645013071895
1915,133121.6,0.8728397692810458
1916,133205.5,0.9088745385620915
1917,133206.1,0.9123914196078431
1918,133209.1,0.8620567222222222
1919,133245.2,0.900809745751634
1920,133536.5,0.8890335490196078
1921,133561.0,0.8681755150326798
1922,133615.5,0.8759778411764707
1923,133690.8,0.8929837594771242
1924,133893.7,0.9018776006535947
1925,134028.6,0.9101632431372548
1926,134343.8,0.8667851189542485
1927,134461.4,0.8427656137254903
1928,134680.3,0.8975383163398694
1929,134745.8,0.9352385274509804
1930,134745.8,0.9259224633986928
1931,134832.8,0.8874884209150328
1932,135003.6,0.901915351633987
1933,135047.5,0.9366828732026143
1934,135268.1,0.9319611679738561
1935,135268.1,0.890382916993464
1936,135268.1,0.8873217509803921
1937,135336.5,0.9233693071895426
1938,135336.5,0.9183546156862745
1939,135337.5,0.9074858326797385
1940,135392.2,0.8507852954248366
1941,135471.2,0.9022484503267975
1942,135571.1,0.9492429196078431
1943,135602.5,0.8922417777777778
1944,135698.0,0.8360456522875817
1945,135787.6,0.909229994117647
1946,135895.7,0.8426049026143791
1947,135919.8,0.8432169830065359
1948,135926.4,0.8684276398692811
1949,136037.0,0.9113935581699346
1950,136037.0,0.8475340679738562
1951,136105.7,0.8754362797385621
1952,136188.2,0.8509807986928104
1953,136230.1,0.853379533986928
1954,136283.5,0.8739832516339869
1955,136530.5,0.8334194588235294
1956,136530.5,0.8400973823529412
1957,136531.1,0.9225774908496732
1958,136755.3,0.852467320261438
1959,136766.4,0.8568068104575164
1960,136857.3,0.868590665359477
1961,136858.0,0.9088908954248366
1962,137050.7,0.8836481039215687
1963,137158.3,0.8663312418300653
1964,137409.1,0.9201490882352942
1965,137487.7,0.8751490875816993
1966,137530.1,0.8292641836601307
1967,137611.7,0.8550849928104575
1968,137954.6,0.8055596725490196
1969,137972.2,0.8707040254901961
1970,138008.3,0.8896409921568628
1971,138070.1,0.8417621875816993
1972,138070.1,0.8640974699346404
1973,138070.1,0.8743083986928104
1974,138348.8,0.8675619555555556
1975,138410.6,0.8394493784313726
1976,138476.1,0.8367316725490197
1977,138506.1,0.8741249908496732
1978,138633.1,0.8473167522875817
1979,138637.6,0.9498928163398692
1980,138637.6,0.9426054130718955
1981,138637.6,0.9047687986928105
1982,138777.1,0.799057783006536
1983,138794.1,0.9069434575163399
1984,138794.1,0.9047893287581699
1985,138860.5,0.8161583150326797
1986,139342.1,0.9202161019607844
1987,139356.8,0.9102396516339869
1988,139403.8,0.8639198013071896
1989,139428.1,0.8817889254901959
1990,139704.8,0.860850094117647
1991,139834.3,0.8879567934640522
1992,139969.2,0.8732222052287582
1993,139969.2,0.8718240875816994
1994,140083.4,0.8390740980392156
1995,140174.1,1.0585091869281047
1996,140198.8,0.8627837222222222
1997,140249.4,0.8507557189542484
1998,140254.6,0.9166202294117647
1999,140305.2,0.877903683006536
2000,140305.2,0.8633281215686274
2001,140377.0,0.8670410215686275
2002,140542.4,0.8682235843137256
2003,140568.1,0.87740667124183
2004,140616.1,0.8979889124183006
2005,140621.7,0.960401537254902
2006,140654.7,0.9152385529411764
2007,140746.7,0.960551722875817
2008,140820.9,0.8683822359477124
2009,140844.3,0.8185484503267973
2010,140922.4,0.8960628607843137
2011,141086.8,0.877406308496732
2012,141256.6,0.8650714888888889
2013,141275.2,0.836740434640523
2014,141412.7,1.0310026424836602
2015,141472.1,0.8662680732026143
2016,141558.2,0.9088705960784315
2017,141697.8,0.8682251039215686
2018,141767.1,0.8519322614379086
2019,141932.9,0.8607030555555556
2020,141932.9,0.8978302928104576
2021,141934.9,0.8574867993464054
2022,142033.9,0.9072988843137254
2023,142237.4,0.91128025751634
2024,142240.2,0.9068275261437908
2025,142264.7,0.872108491503268
2026,142310.7,0.9063521915032681
2027,142405.9,0.8468795901960785
2028,142405.9,0.8141405248366013
2029,142485.2,0.9767288490196079
2030,142486.2,0.912028754248366
2031,142501.8,0.8938800686274511
2032,142507.8,0.9059293143790851
2033,142563.8,0.859446268627451
2034,142626.4,0.9856603529411765
2035,142626.4,0.9668206385620915
2036,142693.7,0.880725462745098
2037,142760.4,0.9033888732026144
2038,142769.9,0.8954714464052287
2039,142778.9,0.9683643653594772
2040,142842.4,0.9552518973856209
2041,142843.2,0.9117519732026145
2042,142867.4,0.8653009549019609
2043,142890.2,0.9012003320261438
2044,143160.2,0.9184038490196078
2045,143239.7,0.8468853385620915
2046,143256.8,0.8393497300653595
2047,143276.1,0.9825343509803922
2048,143387.3,0.9019690058823531
2049,143479.1,0.9282005366013071
2050,143567.6,0.9417896614379084
2051,143754.4,0.9482718509803922
2052,143777.5,0.9320039300653595
2053,143780.9,0.9266036967320261
2054,144028.5,0.9658424679738562
2055,144135.0,0.916893108496732
2056,144300.7,0.8015162444444445
2057,144300.7,0.8225277052287582
2058,144326.6,0.9004153823529412
2059,144354.9,0.8716462653594772
2060,144630.2,0.8581228464052288
2061,144681.7,0.9766670366013072
2062,144839.8,0.8870052267973856
2063,145061.2,0.8977651934640524
2064,145239.9,0.8763049666666667
2065,145239.9,0.8674534013071896
2066,145386.3,0.884390408496732
2067,145493.1,0.883578431372549
2068,145588.6,1.02848031372549
2069,145598.5,0.8928904176470589
2070,145978.8,0.8754830705882353
2071,145990.1,0.9055011960784314
2072,146094.2,0.8923726751633987
2073,146160.1,0.8859139294117647
2074,146329.6,0.8753376333333334
2075,146347.0,0.8919975026143792
2076,146399.8,0.9101489843137254
2077,146520.0,0.8709530392156863
2078,146557.2,0.9200619065359477
2079,146578.8,0.968921020261438
2080,146578.8,0.9631368986928105
2081,146759.8,0.8761561522875817
2082,146795.4,0.9641030130718954
2083,146899.4,0.8857861091503269
2084,146957.3,0.9487158287581698
2085,146957.3,0.9499814411764705
2086,147005.4,0.900517925490196
2087,147053.4,0.8801391699346405
2088,147117.8,0.9182799934640522
2089,147342.6,0.8579371058823531
2090,147462.8,0.8706903797385621
2091,147506.7,0.8488323313725491
2092,147590.0,0.9008167908496733
2093,147607.0,0.892113174509804
2094,147652.8,0.876778225490196
2095,147776.1,0.8616355183006535
2096,147793.6,0.8854847496732027
2097,147896.5,0.8395336267973856
2098,147967.6,0.9082312006535946
2099,148170.8,0.8885312098039216
2100,148170.8,0.90527787124183
2101,148479.9,0.8675096862745099
2102,148500.7,0.9186250287581699
2103,148602.7,0.8637851052287582
2104,148849.2,0.8310167660130718
2105,148933.3,0.8916314431372548
2106,148986.3,0.9482753045751635
2107,149129.2,0.9265063732026144
2108,149167.7,0.8975932150326797
2109,149403.9,0.911234716993464
2110,149452.2,0.912611780392157
2111,149554.0,0.9014251908496732
2112,149625.3,0.9118842928104576
2113,149758.0,0.883651831372549
2114,150276.3,0.8913886006535947
2115,150374.5,0.9051867673202614
2116,150433.0,0.8600399581699346
2117,150470.5,0.8487322183006537
2118,150470.5,0.8518840006535948
2119,150663.0,0.8629510836601306
2120,150707.2,0.8683755444444445
2121,150885.7,0.8628870614379085
2122,150932.7,0.8738100163398693
2123,150945.1,0.9022903163398693
2124,150945.1,0.9001725738562092
2125,150945.1,1.0607292751633988
2126,150945.1,0.9008066418300653
2127,150984.0,0.9010845653594771
2128,151203.0,0.882360311764706
2129,151205.0,0.9106808555555556
2130,151254.7,0.8696495039215686
2131,151449.2,0.8615893758169935
2132,151948.6,0.8591984843137255
2133,151948.6,0.8626974745098039
2134,152293.0,0.8491048156862744
2135,152534.3,0.9142316588235295
2136,152558.8,0.8875852960784314
2137,152570.5,0.8439062607843139
2138,153135.3,0.9324413405228758
2139,153543.0,0.9103615477124183
2140,153554.9,0.844979060130719
2141,153628.2,0.9288158699346406
2142,153628.2,0.9699293320261437
2143,153687.0,0.899568697385621
2144,153687.0,0.8866947973856208
2145,153917.3,0.8819401803921568
2146,154489.9,0.9207188058823529
2147,154522.6,0.8037930496732026
2148,154522.9,0.8603769490196078
2149,154812.5,0.8918118019607844
2150,154868.9,0.8685948196078431
2151,154884.2,0.8290255405228758
2152,155048.9,0.8778342934640524
2153,155242.4,0.9470998803921569
2154,155610.3,0.8436030908496732
2155,155630.0,0.751395383006536
2156,155630.0,0.7288122738562092
2157,155675.0,0.8665154320261438
2158,155746.1,0.8670945901960785
2159,155973.0,0.8375790464052287
2160,156010.6,0.8631803241830065
2161,156173.5,0.8831147607843137
2162,156353.3,0.8728308686274509
2163,156399.4,0.8824381104575163
2164,156399.4,0.8870459705882352
2165,156611.7,0.8681815790849673
2166,156698.7,0.837075251633987
2167,157452.3,0.861386811111111
2168,157452.3,0.896473311764706
2169,157452.3,0.8821420359477125
2170,157649.1,0.8414056209150327
2171,157662.4,0.8869783784313725
2172,157882.0,0.8772560954248365
2173,158009.1,0.8660234816993464
2174,158296.0,0.9079825986928104
2175,158411.3,0.8640295248366013
2176,158893.1,0.9098119562091503
2177,159038.4,0.878416411111111
2178,159074.5,0.9023417771241831
2179,159500.1,0.9144618810457517
2180,159844.5,0.8864829450980392
2181,160133.8,0.8796355248366012
2182,160381.5,0.9126255751633986
2183,160381.5,0.8850920241830065
2184,160596.9,0.7893648483660131
2185,160654.1,0.8816683098039216
2186,160674.8,0.8380735202614378
2187,160678.9,0.8812391764705881
2188,161153.0,0.8698579549019607
2189,161344.8,0.8692684111111111
2190,161617.3,0.8807132803921569
2191,162124.5,0.8517933771241829
2192,162264.3,0.8596030640522875
2193,162337.7,0.8807827594771243
2194,162513.7,0.8735284183006535
2195,162547.2,0.8976740712418301
2196,162583.4,0.891280308496732
2197,162590.3,0.8344102254901961
2198,162828.4,0.8288922
2199,162828.4,0.868756883006536
2200,162928.8,0.8882270352941176
2201,163043.7,0.8876569797385622
2202,163145.4,0.8700550098039216
2203,163184.1,0.878656534640523
2204,163184.1,0.9076433241830065
2205,163185.8,0.8670875581699345
2206,163691.5,0.8483916928104576
2207,164034.3,0.8914206326797385
2208,164080.7,0.9192651588235293
2209,164087.2,0.8681924986928105
2210,164130.9,0.8978888705882353
2211,164285.1,0.8688454490196078
2212,164288.5,0.8874033751633987
2213,164457.8,0.9026514235294117
2214,164459.4,0.8870997287581699
2215,164673.2,0.8226173215686274
2216,164675.7,0.8588393352941176
2217,165064.9,0.8535400418300654
2218,165196.2,0.9012994673202614
2219,165219.4,0.9041411849673202
2220,165368.3,0.7707512333333333
2221,165688.0,0.9143730725490196
2222,165730.6,0.8756064751633986
2223,165773.0,0.8818304797385621
2224,165860.2,0.8906190078431373
2225,166006.3,0.8640541209150326
2226,166300.1,0.8417818313725489
2227,166525.2,0.8607699366013073
2228,166607.1,0.8445305084967321
2229,166708.8,0.8486587692810458
2230,166827.6,0.8699100594771241
2231,166858.9,0.8911206823529412
2232,166897.6,0.8649285888888889
2233,166990.5,0.9008636300653595
2234,167032.0,0.8316526091503268
2235,167133.3,0.7958129065359477
2236,167202.3,0.8971324725490197
2237,167283.1,0.8824747960784314
2238,167300.4,0.7977137862745098
2239,167476.9,0.8879492019607843
2240,167536.4,0.8170465307189542
2241,167660.5,0.9113478575163398
2242,167675.6,0.774106316993464
2243,167675.6,0.7725581045751634
2244,168024.1,0.846079051633987
2245,168031.8,0.837360179738562
2246,168279.1,0.8407218555555555
2247,168437.7,0.8607388575163398
2248,168495.1,0.8905168307189543
2249,168518.3,0.8931439947712418
2250,168518.3,0.9008622509803921
2251,168522.8,0.8446286444444444
2252,168591.5,0.9041099307189542
2253,168620.1,0.8675191784313726
2254,168723.4,0.8718905562091503
2255,168747.9,0.8875820777777779
2256,169047.7,0.8820184411764707
2257,169179.0,0.8772345934640523
2258,169211.8,0.9005113143790849
2259,169278.9,0.8494563908496733
2260,169369.2,0.9205888163398693
2261,169376.6,0.7254340875816994
2262,169386.3,0.8485053581699347
2263,169737.9,0.835054602614379
2264,169811.6,0.8827282261437909
2265,169918.9,0.8663516843137256
2266,169981.7,0.8254473281045752
2267,170063.9,0.8526126359477124
2268,170095.9,0.8758180071895425
2269,170132.9,0.9361961620915034
2270,170132.9,0.887551114379085
2271,170227.4,0.8339051751633987
2272,170232.0,0.8919264679738562
2273,170291.5,0.902520054248366
2274,170291.5,0.8873849248366013
2275,170354.3,0.8739799869281046
2276,170411.3,0.834152977124183
2277,170473.6,0.7843661222222222
2278,170517.4,0.9226066607843136
2279,170603.6,0.8830970326797385
2280,170827.3,0.8947081215686274
2281,170962.4,0.8512564980392157
2282,171074.5,0.9322553052287581
2283,171205.0,0.8966126522875818
2284,171205.0,0.896860739869281
2285,171391.6,0.9026352300653595
2286,171391.6,0.8945987078431372
2287,171397.2,0.8735770019607842
2288,171452.2,0.9360820352941177
2289,171536.8,0.8935863333333333
2290,171726.5,0.8849665647058823
2291,172123.3,0.8649139431372549
2292,172188.0,0.8939178
2293,172586.4,0.8817925777777779
2294,172586.4,0.8800182725490195
2295,172586.4,0.8970077215686274
2296,172640.7,0.8756442862745097
2297,172669.0,0.7747649058823529
2298,172684.6,0.9044596843137256
2299,172860.3,0.9036074705882353
2300,172994.3,0.8821198758169934
2301,173058.4,0.8843423418300653
2302,173142.2,0.9109746921568627
2303,173237.5,0.9022897202614379
2304,173237.5,0.7667495797385621
2305,173320.2,0.8727722980392157
2306,173345.9,0.8275262189542484
2307,174196.8,0.8887510555555557
2308,174196.8,0.9027608607843136
2309,174204.3,0.8893809960784314
2310,174223.3,0.8395497758169935
2311,174237.8,0.8904576307189542
2312,174681.4,0.8784865111111112
2313,174939.6,0.851022605882353
2314,175100.3,0.8649542339869282
2315,175100.3,0.8648138699346404
2316,175286.5,0.9257424130718955
2317,175327.3,0.8239535784313725
2318,175454.3,0.9117190150326798
2319,175466.6,0.9040703261437908
2320,176172.6,0.8831090673202614
2321,176298.8,0.8955770392156863
2322,176299.4,0.8715435196078432
2323,176299.4,0.8516538549019608
2324,176299.4,0.8535099777777778
2325,176432.8,0.8786448313725489
2326,176629.6,0.8984276490196079
2327,176713.7,0.8317279509803922
2328,176800.7,0.8896419862745097
2329,177077.1,0.8417598882352942
2330,177265.8,0.8680521352941176
2331,177433.2,0.8971395189542485
2332,177571.7,0.8753056013071896
2333,178040.7,0.84861012875817
2334,178963.1,0.9760770346405228
2335,178963.1,0.8910466503267974
2336,179003.9,0.8911200065359478
2337,179003.9,0.8685609901960786
2338,179169.6,0.8437999274509803
2339,179244.5,0.8724252326797386
2340,179299.5,0.8989931725490196
2341,179799.9,0.8971574019607843
2342,179905.6,0.725235391503268
2343,179930.5,0.907146703267974
2344,180177.6,0.9070161091503268
2345,180196.0,0.8906697692810458
2346,180241.6,0.9052559915032681
2347,180410.3,0.9024792718954248
2348,180710.4,0.8419175091503268
2349,180746.8,0.872822537254902
2350,180746.8,0.8864488366013072
2351,180746.8,0.894611254248366
2352,181342.9,0.9090262032679738
2353,181373.1,0.8753832450980392
2354,181502.6,0.8087837888888889
2355,182555.5,0.8988167901960784
2356,182621.8,0.8454494692810458
2357,183260.9,0.8694969921568628
2358,183260.9,0.8706738405228758
2359,183756.6,0.8255066849673203
2360,183860.5,0.8731013045751633
2361,184294.2,0.8654221980392157
2362,184594.8,0.8436812052287582
2363,184819.1,0.8483925980392157
2364,185131.7,0.8486782287581699
2365,185318.7,0.8628640294117647
2366,185724.6,0.8586428581699347
2367,185782.6,0.8630769359477125
2368,185981.5,0.8276919522875816
2369,186212.2,0.8661836300653595
2370,186492.7,0.8286335052287582
2371,186649.8,0.8822016464052288
2372,186649.8,0.8477970326797385
2373,186665.8,0.8128882830065359
2374,186799.6,0.880530339869281
2375,187149.2,0.894860316993464
2376,187434.7,0.8754654300653594
2377,187735.0,0.8698098921568628
2378,188560.1,0.8624273202614379
2379,188625.3,0.8741085692810459
2380,188639.7,0.7632692470588236
2381,188948.2,0.8877049758169935
2382,188969.5,0.8473559032679738
2383,188969.5,0.853188111111111
2384,189072.7,0.8802471359477124
2385,189268.8,0.771523233986928
2386,189302.3,0.878418237254902
2387,189302.3,0.9109404823529411
2388,189431.7,0.8474920849673203
2389,189692.3,0.8958337738562092
2390,189918.4,0.8634294692810457
2391,190639.9,0.870579185620915
2392,190639.9,0.8840954509803922
2393,191100.0,0.8763542496732025
2394,191308.8,0.8879943529411765
2395,191573.7,0.908316794117647
2396,191573.7,0.9082394816993464
2397,191666.6,0.8497193274509803
2398,191679.7,0.878064054248366
2399,191875.1,0.9064404607843138
2400,192060.5,0.848416922875817
2401,193452.5,0.8647532189542484
2402,193466.3,0.8446730163398692
2403,194139.2,0.8727427875816994
2404,196143.3,0.9288120287581699
2405,196153.1,0.8741186359477124
2406,196713.3,0.8298666359477124
2407,196950.5,0.8237321470588236
2408,196979.0,0.8512438235294119
2409,197270.5,0.8907106352941176
2410,197283.9,0.8648409588235294
2411,197354.0,0.8467679764705882
2412,197358.3,0.8733701346405228
2413,197560.7,0.881868505882353
2414,197631.3,0.861304651633987
2415,197631.5,0.8596623555555555
2416,198063.7,0.8782449398692811
2417,198073.6,0.9149154980392157
2418,198084.4,0.8940578542483659
2419,198254.8,0.8854736464052287
2420,198815.7,0.9800621712418299
2421,199047.0,0.8733869
2422,199190.6,0.7175449960784314
2423,199314.0,0.816782083006536
2424,200609.1,0.8671830248366014
2425,200898.8,0.8295285444444445
2426,201018.4,0.8804374647058822
2427,201269.0,0.8847456294117646
2428,201891.8,0.8904262751633987
2429,201960.0,0.9022875333333333
2430,201993.0,0.8322604241830065
2431,202022.5,0.8401735928104574
2432,202329.4,0.8277347032679738
2433,202443.9,0.8710311261437907
2434,202692.1,0.8614190091503269
2435,202756.8,0.8473516111111112
2436,202901.0,0.8355931000000001
2437,202941.0,0.8651154392156862
2438,203509.1,0.8633137156862745
2439,203798.8,0.8497966803921568
2440,203970.1,0.8821490915032679
2441,205379.8,0.8541095620915032
2442,205646.6,0.7943145490196079
2443,205846.1,0.8633034934640522
2444,205846.1,0.8623324117647059
2445,205943.9,0.9024102235294118
2446,206564.1,0.835032916993464
2447,207163.6,0.8538768542483659
2448,207842.4,0.853004948366013
2449,207888.4,0.8438735875816994
2450,208101.9,0.8766009921568627
2451,208323.6,0.883389145751634
2452,208378.2,0.854630974509804
2453,209344.8,0.8273636418300654
2454,209344.8,0.8435758150326798
2455,209344.8,0.8524398758169935
2456,209529.8,0.8498389941176472
2457,209564.2,0.8665868274509804
2458,209870.0,0.9711037189542483
2459,209870.0,0.9261680006535948
2460,209870.0,0.9411951928104574
2461,209870.0,0.8916703803921567
2462,209967.6,0.8989903013071895
2463,210128.5,0.8530115490196077
2464,210128.5,0.8652146738562092
2465,210128.5,0.8636675836601306
2466,210582.5,0.8470547705882353
2467,210594.7,0.8676291790849674
2468,210634.2,0.8896805980392156
2469,211314.4,0.8836208313725491
2470,211736.4,0.8568890810457517
2471,211752.0,0.8715340477124184
2472,212301.4,0.840013545751634
2473,212933.7,0.8604236620915032
2474,213141.9,0.8773383241830065
2475,213525.5,0.8451433209150326
2476,213677.7,0.9816226450980392
2477,214014.0,0.8536434790849674
2478,214053.2,0.8334724464052288
2479,214313.3,0.868601008496732
2480,214316.7,0.9444283882352942
2481,215167.9,0.8680902928104576
2482,215167.9,0.8942289692810457
2483,215391.6,0.9092980875816993
2484,215507.1,0.8086826718954248
2485,215507.1,0.8066967529411765
2486,215594.4,0.8869040947712418
2487,215594.4,0.8980890869281045
2488,215758.0,0.8528238647058823
2489,216162.9,0.8673536477124182
2490,216174.7,0.8726354248366013
2491,216261.8,0.8248550699346405
2492,216548.7,0.8250546967320261
2493,216548.7,0.8233624915032679
2494,217470.8,0.8492744078431373
2495,217534.3,0.9023359849673203
2496,217681.3,0.8924110052287583
2497,217801.4,0.8715521019607844
2498,218387.2,0.875732274509804
2499,218673.5,0.7312902738562091
2500,218709.5,0.872654708496732
2501,219127.9,0.8622252888888889
2502,219634.2,0.9091725209150326
2503,219634.2,0.9004497549019608
2504,219639.7,0.8614760235294118
2505,219901.2,0.8512919673202615
2506,219989.4,0.8802799640522877
2507,220125.0,0.8269878967320261
2508,220346.1,0.8722838176470589
2509,220399.1,0.8915132993464053
2510,220458.0,0.8547238758169934
2511,220715.9,0.866222233986928
2512,220720.9,0.8985409588235295
2513,220773.6,0.8654231908496732
2514,220913.9,0.8953258359477124
2515,220962.0,0.8640029444444445
2516,221250.7,0.8360881300653594
2517,221399.3,0.7429876137254903
2518,221781.0,0.8499066986928104
2519,221891.7,0.863431948366013
2520,222866.9,0.8482288797385621
2521,223481.6,0.8771815542483661
2522,223767.9,0.8472538071895425
2523,223882.4,0.8641645901960784
2524,224098.7,0.8330450163398693
2525,224679.2,0.7921425026143791
2526,224943.5,0.8802023503267974
2527,225248.0,0.7648578555555556
2528,225248.7,0.8569575777777778
2529,225260.4,0.9081676196078432
2530,225412.0,0.8499791647058824
2531,225891.9,0.9163367320261439
2532,226272.1,0.9215031189542483
2533,226421.8,0.8576951993464051
2534,226421.8,0.8567502470588235
2535,226559.6,0.8455891385620916
2536,227474.6,0.8805230869281047
2537,228128.3,0.8882416026143791
2538,228542.6,0.9058170222222222
2539,228706.6,0.870559151633987
2540,228932.9,0.87450207124183
2541,229049.9,0.8851854816993463
2542,229099.8,0.8360946745098039
2543,229297.6,0.8531448470588234
2544,229330.5,0.893471277124183
2545,229695.6,0.8701891483660131
2546,229719.5,0.8808418777777777
2547,229819.0,0.8263043764705882
2548,230062.1,0.8676297385620916
2549,230544.4,0.853581325490196
2550,231460.7,0.8584171686274509
2551,231563.0,0.8140752797385621
2552,231945.0,0.9124215045751634
2553,232090.3,0.8380514705882354
2554,232230.7,0.868341777124183
2555,232249.5,0.8753378836601308
2556,232249.5,0.8693195130718955
2557,232260.2,0.8647815568627452
2558,232826.7,0.8417960980392157
2559,232907.1,0.8721419359477125
2560,233027.9,0.8447775790849673
2561,233165.8,0.8593614300653595
2562,233196.2,0.8689902797385621
2563,233931.0,0.8801799235294117
2564,234871.7,0.8863825915032679
2565,234871.7,0.8985344784313725
2566,235213.4,0.8344390333333334
2567,235441.0,0.8109049529411765
2568,235620.8,0.8903217137254902
2569,235620.8,0.8827595104575163
2570,235620.8,0.8875620915032679
2571,235620.8,0.8827918464052287
2572,237521.9,0.9363929359477124
2573,237521.9,0.8205282496732026
2574,238063.7,0.8769581986928104
2575,238649.3,0.8155616686274509
2576,238829.3,0.8755611640522876
2577,238987.1,0.8297068607843138
2578,239356.2,0.8726040843137255
2579,239435.8,0.8298169124183007
2580,239868.3,0.8248119732026143
2581,239957.7,0.8740371150326797
2582,240505.7,0.9006972712418301
2583,240950.3,0.8494170078431372
2584,243447.8,0.876809060130719
2585,243852.3,0.8625852980392156
2586,243955.6,0.8532604967320262
2587,244004.1,0.8696984000000001
2588,244004.1,0.8678689633986929
2589,244220.3,0.9001816699346407
2590,244391.6,0.870179437254902
2591,244682.6,0.8544645261437908
2592,245702.1,0.8043933581699346
2593,246013.2,0.8934882124183007
2594,246443.2,0.9255006483660131
2595,246443.2,0.8654525797385622
2596,246443.2,0.9059479039215687
2597,246443.2,0.8885457633986928
2598,246999.8,0.8950916352941177
2599,247822.4,0.8540994039215686
2600,247879.8,0.7643763823529411
2601,248241.5,0.8626330529411764
2602,248396.2,0.8036991111111111
2603,248448.8,0.895121539869281
2604,248448.8,0.8908116830065359
2605,248704.8,0.8380322562091503
2606,249099.2,0.835575854248366
2607,249531.9,0.9086962810457516
2608,249857.7,0.8647034614379085
2609,250102.0,0.8629756359477124
